amedas_id,amedas_subid,fuken_id,f_pre,f_tem,f_sun,station_name,station_name_kana,location,latitude,longitude,height,station_id,pref_name,pref_code,station_kbn
11001,0,11,Y,Y,Y,宗谷岬,ソウヤミサキ,稚内市宗谷岬,45.52,141.935,26,1284,北海道,1,A
11016,0,11,Y,Y,Y,稚内,ワッカナイ,稚内市開運　稚内地方気象台,45.415,141.6783333,3,47401,北海道,1,S
11046,0,11,Y,Y,Y,礼文,レブン,礼文郡礼文町大字香深村字トンナイ,45.305,141.045,65,1546,北海道,1,A
11076,0,11,Y,Y,Y,浜鬼志別,ハマオニシベツ,宗谷郡猿払村浜鬼志別,45.335,142.17,13,1285,北海道,1,A
11121,0,11,Y,Y,Y,沼川,ヌマカワ,稚内市声問村字沼川,45.24833333,141.8516667,23,1203,北海道,1,A
11151,0,11,Y,Y,Y,沓形,クツガタ,利尻郡利尻町沓形字泉町,45.17666667,141.1383333,14,0002,北海道,1,A
11176,0,11,Y,Y,Y,豊富,トヨトミ,天塩郡豊富町字上サロベツ,45.10666667,141.765,16,1054,北海道,1,A
11206,0,11,Y,Y,Y,浜頓別,ハマトンベツ,枝幸郡浜頓別町クッチャロ湖畔,45.125,142.35,18,0003,北海道,1,A
11276,0,11,Y,Y,Y,中頓別,ナカトンベツ,枝幸郡中頓別町上駒,44.965,142.28,25,1051,北海道,1,A
11291,0,11,Y,Y,Y,北見枝幸,キタミエサシ,枝幸郡枝幸町本町　北見枝幸特別地域気象観測所,44.94,142.585,7,47402,北海道,1,S
11316,0,11,Y,Y,Y,歌登,ウタノボリ,枝幸郡枝幸町歌登東町,44.84,142.48,14,0005,北海道,1,A
12011,0,12,Y,Y,Y,中川,ナカガワ,中川郡中川町中川,44.82833333,142.0766667,22,1201,北海道,1,A
12041,0,12,Y,Y,Y,音威子府,オトイネップ,中川郡音威子府村音威子府,44.72666667,142.265,40,1197,北海道,1,A
12141,0,12,Y,Y,Y,美深,ビフカ,中川郡美深町西町,44.48,142.3416667,77,0006,北海道,1,A
12181,0,12,Y,Y,Y,名寄,ナヨロ,名寄市大橋,44.37,142.4566667,89,0008,北海道,1,A
12231,0,12,Y,Y,Y,下川,シモカワ,上川郡下川町西町,44.30166667,142.6233333,140,0010,北海道,1,A
12261,0,12,Y,Y,Y,士別,シベツ,士別市武徳町,44.18666667,142.4166667,135,0011,北海道,1,A
12266,0,12,Y,Y,Y,朝日,アサヒ,士別市朝日町中央,44.11833333,142.595,225,1047,北海道,1,A
12301,0,12,Y,Y,Y,和寒,ワッサム,上川郡和寒町字日ノ出,44.02833333,142.41,150,1055,北海道,1,A
12386,0,12,Y,Y,Y,江丹別,エタンベツ,旭川市江丹別町芳野,43.87,142.26,140,1191,北海道,1,A
12396,0,12,Y,Y,Y,比布,ピップ,上川郡比布町北町,43.875,142.48,175,1048,北海道,1,A
12411,0,12,Y,Y,Y,上川,カミカワ,上川郡上川町栄町,43.84666667,142.7533333,324,0015,北海道,1,A
12442,0,12,Y,Y,Y,旭川,アサヒカワ,旭川市宮前通東　旭川地方気象台,43.75666667,142.3716667,120,47407,北海道,1,S
12451,0,12,Y,Y,Y,東川,ヒガシカワ,上川郡東川町北町,43.70166667,142.5083333,215,1184,北海道,1,A
12512,0,12,Y,Y,Y,志比内,シビナイ,上川郡東神楽町志比内,43.64333333,142.5816667,310,1185,北海道,1,A
12551,0,12,Y,Y,Y,美瑛,ビエイ,上川郡美瑛町原野5線,43.58833333,142.4933333,250,1052,北海道,1,A
12596,0,12,Y,Y,Y,上富良野,カミフラノ,空知郡上富良野町大町,43.455,142.465,220,1190,北海道,1,A
12626,0,12,Y,Y,Y,富良野,フラノ,富良野市東町,43.33333333,142.4,174,0021,北海道,1,A
12632,0,12,Y,Y,Y,麓郷,ロクゴウ,富良野市麓郷市街地,43.30166667,142.5216667,315,1280,北海道,1,A
12691,0,12,Y,Y,Y,幾寅,イクトラ,空知郡南富良野町幾寅,43.16833333,142.5683333,350,1188,北海道,1,A
12746,0,12,Y,Y,Y,占冠,シムカップ,勇払郡占冠村シムカップ,42.97833333,142.395,332,1189,北海道,1,A
15041,0,12,Y,Y,Y,朱鞠内,シュマリナイ,雨竜郡幌加内町朱鞠内,44.28166667,142.1616667,255,1279,北海道,1,A
15076,0,12,Y,Y,Y,幌加内,ホロカナイ,雨竜郡幌加内町幌加内,44.01,142.16,159,1053,北海道,1,A
13061,0,13,Y,Y,Y,天塩,テシオ,天塩郡天塩町川口,44.89333333,141.7616667,9,0024,北海道,1,A
13086,0,13,Y,Y,Y,遠別,エンベツ,天塩郡遠別町幸和,44.71833333,141.8066667,7,0025,北海道,1,A
13121,0,13,Y,Y,Y,初山別,ショサンベツ,苫前郡初山別村初山別,44.52333333,141.77,27,1216,北海道,1,A
13146,0,13,Y,Y,Y,焼尻,ヤギシリ,苫前郡羽幌町焼尻白浜,44.42833333,141.4216667,38,1213,北海道,1,A
13181,0,13,Y,Y,Y,羽幌,ハボロ,苫前郡羽幌町南3条　羽幌特別地域気象観測所,44.36333333,141.7,8,47404,北海道,1,S
13261,0,13,Y,Y,Y,達布,タップ,留萌郡小平町達布,44.04833333,141.8566667,30,1217,北海道,1,A
13277,0,13,Y,Y,Y,留萌,ルモイ,留萌市大町　留萌特別地域気象観測所,43.945,141.6316667,24,47406,北海道,1,S
13311,0,13,Y,Y,Y,増毛,マシケ,増毛郡増毛町別苅,43.84833333,141.51,20,0028,北海道,1,A
13321,0,13,Y,Y,Y,幌糠,ホロヌカ,留萌市幌糠町,43.85333333,141.76,20,1218,北海道,1,A
14026,0,14,Y,Y,Y,浜益,ハママス,石狩市浜益区川下,43.58166667,141.3866667,3,1193,北海道,1,A
14071,0,14,Y,Y,Y,厚田,アツタ,石狩市厚田区別狩,43.39833333,141.4366667,5,1194,北海道,1,A
14101,0,14,Y,Y,Y,新篠津,シンシノツ,石狩郡新篠津村第46線北,43.22,141.645,9,0030,北海道,1,A
14116,0,14,Y,Y,Y,山口,ヤマグチ,札幌市手稲区手稲山口,43.14666667,141.2216667,5,0031,北海道,1,A
14121,0,14,Y,Y,Y,石狩,イシカリ,石狩市生振,43.19333333,141.37,5,1085,北海道,1,A
14136,0,14,Y,Y,Y,江別,エベツ,江別市江別太,43.11,141.6016667,8,1507,北海道,1,A
14163,0,14,Y,Y,Y,札幌,サッポロ,札幌市中央区北2条西　札幌管区気象台,43.06,141.3283333,17,47412,北海道,1,S
14206,0,14,Y,Y,Y,恵庭島松,エニワシママツ,恵庭市下島松,42.925,141.565,30,0035,北海道,1,A
14286,0,14,Y,Y,Y,支笏湖畔,シコツコハン,千歳市支笏湖温泉番外地,42.77166667,141.4066667,290,0037,北海道,1,A
15116,0,15,Y,Y,Y,石狩沼田,イシカリヌマタ,雨竜郡沼田町緑町,43.815,141.9266667,63,0038,北海道,1,A
15161,0,15,Y,Y,Y,深川,フカガワ,深川市一已町一已,43.71833333,142.0733333,55,0039,北海道,1,A
15231,0,15,Y,Y,Y,空知吉野,ソラチヨシノ,樺戸郡新十津川町吉野,43.595,141.7316667,100,1287,北海道,1,A
15241,0,15,Y,Y,Y,滝川,タキカワ,滝川市南滝の川,43.57,141.9383333,50,0041,北海道,1,A
15251,0,15,Y,Y,Y,芦別,アシベツ,芦別市北1条東,43.51666667,142.19,90,0043,北海道,1,A
15311,0,15,Y,Y,Y,月形,ツキガタ,樺戸郡月形町月ケ岡,43.33,141.6183333,50,0999,北海道,1,A
15321,0,15,Y,Y,Y,美唄,ビバイ,美唄市北美唄町二区,43.36333333,141.8266667,16,0044,北海道,1,A
15356,0,15,Y,Y,Y,岩見沢,イワミザワ,岩見沢市5条東　岩見沢特別地域気象観測所,43.21166667,141.785,42,47413,北海道,1,S
15431,0,15,Y,Y,Y,長沼,ナガヌマ,夕張郡長沼町本町北,43.01166667,141.6933333,13,0047,北海道,1,A
15442,0,15,Y,Y,Y,夕張,ユウバリ,夕張市鹿の谷山手町,43.03833333,141.9566667,293,0049,北海道,1,A
16026,0,16,Y,Y,Y,美国,ビクニ,積丹郡積丹町美国町字船澗,43.27166667,140.5633333,75,0051,北海道,1,A
16061,0,16,Y,Y,Y,神恵内,カモエナイ,古宇郡神恵内村大字神恵内村,43.145,140.4233333,50,1208,北海道,1,A
16076,0,16,Y,Y,Y,余市,ヨイチ,余市郡余市町豊丘町,43.18166667,140.7583333,20,0052,北海道,1,A
16091,0,16,Y,Y,Y,小樽,オタル,小樽市勝納町　小樽特別地域気象観測所,43.18166667,141.0166667,25,47411,北海道,1,S
16156,0,16,Y,Y,Y,共和,キョウワ,岩内郡共和町南幌似,42.98,140.6033333,15,0054,北海道,1,A
16206,0,16,Y,Y,Y,蘭越,ランコシ,磯谷郡蘭越町蘭越,42.81,140.5416667,39,0055,北海道,1,A
16217,0,16,Y,Y,Y,倶知安,クッチャン,虻田郡倶知安町南1条東　倶知安特別地域気象観測所,42.9,140.7566667,176,47433,北海道,1,S
16252,0,16,Y,Y,Y,寿都,スッツ,寿都郡寿都町新栄町　寿都特別地域気象観測所,42.795,140.2233333,33,47421,北海道,1,S
16281,0,16,Y,Y,Y,真狩,マッカリ,虻田郡真狩村美原,42.775,140.88,440,1072,北海道,1,A
16286,0,16,Y,Y,Y,喜茂別,キモベツ,虻田郡喜茂別町伏見,42.79333333,140.9483333,264,0060,北海道,1,A
16321,0,16,Y,Y,Y,黒松内,クロマツナイ,寿都郡黒松内町黒松内,42.66333333,140.31,27,0061,北海道,1,A
17036,0,17,Y,Y,Y,雄武,オウム,紋別郡雄武町雄武　雄武特別地域気象観測所,44.58,142.9633333,14,47405,北海道,1,S
17076,0,17,Y,Y,Y,興部,オコッペ,紋別郡興部町興部,44.47,143.1083333,8,0063,北海道,1,A
17091,0,17,Y,Y,Y,西興部,ニシオコッペ,紋別郡西興部村西興部,44.33166667,142.9366667,120,1073,北海道,1,A
17112,0,17,Y,Y,Y,紋別,モンベツ,紋別市南が丘町　紋別特別地域気象観測所,44.345,143.355,16,47435,北海道,1,S
17166,0,17,Y,Y,Y,湧別,ユウベツ,紋別郡湧別町東,44.21333333,143.62,5,0065,北海道,1,A
17196,0,17,Y,Y,Y,滝上,タキノウエ,紋別郡滝上町滝ノ上原野5線南,44.17666667,143.06,165,0066,北海道,1,A
17246,0,17,Y,Y,Y,常呂,トコロ,北見市常呂町字岐阜,44.115,144.0366667,3,0068,北海道,1,A
17306,0,17,Y,Y,Y,遠軽,エンガル,紋別郡遠軽町東町,44.05333333,143.54,80,0069,北海道,1,A
17316,0,17,Y,Y,Y,佐呂間,サロマ,常呂郡佐呂間町武士,43.985,143.7233333,59,0070,北海道,1,A
17341,0,17,Y,Y,Y,網走,アバシリ,網走市台町　網走地方気象台,44.01666667,144.2783333,38,47409,北海道,1,S
17351,0,17,Y,Y,Y,宇登呂,ウトロ,斜里郡斜里町ウトロ高原,44.05166667,144.9816667,144,0981,北海道,1,A
17482,0,17,Y,Y,Y,白滝,シラタキ,紋別郡遠軽町白滝北支湧別,43.865,143.1533333,475,1092,北海道,1,A
17501,0,17,Y,Y,Y,生田原,イクタハラ,紋別郡遠軽町生田原,43.91666667,143.5316667,199,0072,北海道,1,A
17521,0,17,Y,Y,Y,北見,キタミ,北見市高栄東町,43.81,143.875,114,0074,北海道,1,A
17546,0,17,Y,Y,Y,小清水,コシミズ,斜里郡小清水町字泉,43.84166667,144.485,52,0075,北海道,1,A
17561,0,17,Y,Y,Y,斜里,シャリ,斜里郡斜里町以久科南,43.88333333,144.7,15,0076,北海道,1,A
17596,0,17,Y,Y,Y,留辺蘂,ルベシベ,北見市留辺蘂町大和,43.74166667,143.45,325,0077,北海道,1,A
17607,0,17,Y,Y,Y,境野,サカイノ,常呂郡置戸町豊住,43.70666667,143.6433333,184,1209,北海道,1,A
17631,0,17,Y,Y,Y,美幌,ビホロ,網走郡美幌町福住,43.77,144.1716667,60,0079,北海道,1,A
17717,0,17,Y,Y,Y,津別,ツベツ,網走郡津別町豊永,43.70166667,144.0333333,100,0082,北海道,1,A
18038,0,18,Y,Y,Y,羅臼,ラウス,目梨郡羅臼町栄町,44.02333333,145.1866667,15,0084,北海道,1,A
18136,0,18,Y,Y,Y,標津,シベツ,標津郡標津町北2条西,43.66166667,145.1316667,3,0085,北海道,1,A
18161,0,18,Y,Y,Y,上標津,カミシベツ,標津郡中標津町字上標津,43.52,144.7466667,181,1547,北海道,1,A
18171,0,18,Y,Y,Y,中標津,ナカシベツ,標津郡中標津町桜ケ丘,43.54333333,144.9783333,50,0086,北海道,1,A
18256,0,18,Y,Y,Y,別海,ベツカイ,野付郡別海町川上町,43.38166667,145.1183333,23,0088,北海道,1,A
18273,0,18,Y,Y,Y,根室,ネムロ,根室市弥栄町　根室特別地域気象観測所,43.33,145.585,25,47420,北海道,1,S
18281,0,18,Y,Y,Y,納沙布,ノサップ,根室市温根元,43.39333333,145.7583333,12,1056,北海道,1,A
18311,0,18,Y,Y,Y,厚床,アットコ,根室市厚床,43.23166667,145.2583333,40,1196,北海道,1,A
19021,0,19,Y,Y,Y,川湯,カワユ,川上郡弟子屈町川湯駅前,43.61666667,144.4566667,158,0090,北海道,1,A
19051,0,19,Y,Y,Y,弟子屈,テシカガ,川上郡弟子屈町弟子屈原野,43.51,144.4666667,170,1187,北海道,1,A
19076,0,19,Y,Y,Y,阿寒湖畔,アカンコハン,釧路市阿寒町阿寒湖温泉,43.43666667,144.085,450,0091,北海道,1,A
19151,0,19,Y,Y,Y,標茶,シベチャ,川上郡標茶町開運,43.29166667,144.5866667,20,0093,北海道,1,A
19191,0,19,Y,Y,Y,鶴居,ツルイ,阿寒郡鶴居村鶴居東,43.23166667,144.325,38,1186,北海道,1,A
19261,0,19,Y,Y,Y,中徹別,ナカテシベツ,釧路市阿寒町徹別原野34線,43.19833333,144.1416667,80,0095,北海道,1,A
19311,0,19,Y,Y,Y,榊町,サカキマチ,厚岸郡浜中町榊町,43.12,145.11,2,1195,北海道,1,A
19376,0,19,Y,Y,Y,太田,オオタ,厚岸郡厚岸町太田,43.09,144.7783333,85,1192,北海道,1,A
19416,0,19,Y,Y,Y,白糠,シラヌカ,白糠郡白糠町茶路西1線,42.97,144.0616667,9,0098,北海道,1,A
19432,0,19,Y,Y,Y,釧路,クシロ,釧路市幸町　釧路地方気象台,42.985,144.3766667,5,47418,北海道,1,S
19451,0,19,Y,Y,Y,知方学,チッポマナイ,釧路郡釧路町仙鳳趾村知方学,42.93833333,144.735,149,1283,北海道,1,A
20146,0,20,Y,Y,Y,陸別,リクベツ,足寄郡陸別町陸別原野分線,43.46833333,143.7383333,207,0101,北海道,1,A
20186,0,20,Y,Y,Y,ぬかびら源泉郷,ヌカビラゲンセンキョウ,河東郡上士幌町ぬかびら源泉郷北区,43.36666667,143.1916667,540,0103,北海道,1,A
20266,0,20,Y,Y,Y,上士幌,カミシホロ,河東郡上士幌町東4線,43.235,143.3033333,295,0107,北海道,1,A
20276,0,20,Y,Y,Y,足寄,アショロ,足寄郡足寄町南1条,43.24333333,143.5533333,90,0109,北海道,1,A
20341,0,20,Y,Y,Y,本別,ホンベツ,中川郡本別町新町,43.13166667,143.6,67,0112,北海道,1,A
20356,0,20,Y,Y,Y,新得,シントク,上川郡新得町4条南,43.07666667,142.84,178,0113,北海道,1,A
20361,0,20,Y,Y,Y,鹿追,シカオイ,河東郡鹿追町緑町,43.10333333,142.995,206,0114,北海道,1,A
20371,0,20,Y,Y,Y,駒場,コマバ,河東郡音更町駒場北町,43.05,143.1833333,112,1204,北海道,1,A
20421,0,20,Y,Y,Y,芽室,メムロ,河西郡芽室町西3条南,42.9,143.0433333,90,0115,北海道,1,A
20441,0,20,Y,Y,Y,池田,イケダ,中川郡池田町清見,42.92,143.4583333,42,0117,北海道,1,A
20506,0,20,Y,Y,Y,浦幌,ウラホロ,十勝郡浦幌町桜町,42.80833333,143.6566667,20,0118,北海道,1,A
20556,0,20,Y,Y,Y,糠内,ヌカナイ,中川郡幕別町五位,42.78666667,143.3283333,70,1286,北海道,1,A
20601,0,20,Y,Y,Y,上札内,カミサツナイ,河西郡中札内村元札内西1線,42.64166667,143.0966667,251,1210,北海道,1,A
20606,0,20,Y,Y,Y,更別,サラベツ,河西郡更別村更別南2線,42.64833333,143.19,190,1211,北海道,1,A
20631,0,20,Y,Y,Y,大津,オオツ,中川郡豊頃町大津寿町,42.685,143.6466667,4,1214,北海道,1,A
20696,0,20,Y,Y,Y,大樹,タイキ,広尾郡大樹町柏木町,42.5,143.275,87,0121,北海道,1,A
20751,0,20,Y,Y,Y,広尾,ヒロオ,広尾郡広尾町並木通東　広尾特別地域気象観測所,42.29333333,143.315,32,47440,北海道,1,S
21111,0,21,Y,Y,Y,厚真,アツマ,勇払郡厚真町朝日,42.73,141.8883333,20,0124,北海道,1,A
21126,0,21,Y,Y,Y,穂別,ホベツ,勇払郡むかわ町穂別,42.76166667,142.1433333,56,0125,北海道,1,A
21161,0,21,Y,Y,Y,大滝,オオタキ,伊達市大滝区本町,42.67,141.0783333,390,1067,北海道,1,A
21171,0,21,Y,Y,Y,森野,モリノ,白老郡白老町森野,42.63,141.2466667,170,0126,北海道,1,A
21187,0,21,Y,Y,Y,苫小牧,トマコマイ,苫小牧市しらかば町　苫小牧特別地域気象観測所,42.62333333,141.5466667,6,47424,北海道,1,S
21226,0,21,Y,Y,Y,大岸,オオキシ,虻田郡豊浦町大岸,42.59,140.6433333,8,0128,北海道,1,A
21261,0,21,Y,Y,Y,白老,シラオイ,白老郡白老町高砂町,42.54333333,141.3516667,6,0130,北海道,1,A
21276,0,21,Y,Y,Y,鵡川,ムカワ,勇払郡むかわ町豊城,42.59,141.9333333,10,0131,北海道,1,A
21297,0,21,Y,Y,Y,伊達,ダテ,伊達市梅本町,42.47333333,140.8766667,16,0132,北海道,1,A
21312,0,21,Y,Y,Y,登別,ノボリベツ,登別市札内町,42.45833333,141.1183333,197,0134,北海道,1,A
21323,0,21,Y,Y,Y,室蘭,ムロラン,室蘭市山手町　室蘭地方気象台,42.31166667,140.975,40,47423,北海道,1,S
22036,0,22,Y,Y,Y,日高,ヒダカ,沙流郡日高町本町東,42.87666667,142.4416667,280,1202,北海道,1,A
22141,0,22,Y,Y,Y,日高門別,ヒダカモンベツ,沙流郡日高町富川北,42.52166667,142.0366667,10,0136,北海道,1,A
22156,0,22,Y,Y,Y,新和,シンワ,新冠郡新冠町新和,42.54333333,142.3333333,60,0137,北海道,1,A
22241,0,22,Y,Y,Y,静内,シズナイ,日高郡新ひだか町静内山手町,42.34333333,142.3616667,10,0140,北海道,1,A
22291,0,22,Y,Y,Y,三石,ミツイシ,日高郡新ひだか町三石美野和,42.245,142.6616667,10,1198,北海道,1,A
22306,0,22,Y,Y,Y,中杵臼,ナカキネウス,浦河郡浦河町上杵臼,42.22333333,142.9483333,80,1288,北海道,1,A
22327,0,22,Y,Y,Y,浦河,ウラカワ,浦河郡浦河町潮見町　浦河特別地域気象観測所,42.16166667,142.7766667,37,47426,北海道,1,S
22391,0,22,Y,Y,Y,えりも岬,エリモミサキ,幌泉郡えりも町東洋,41.925,143.2433333,63,1340,北海道,1,A
23031,0,23,Y,Y,Y,長万部,オシャマンベ,山越郡長万部町栄原,42.52333333,140.3816667,10,0143,北海道,1,A
23086,0,23,Y,Y,Y,八雲,ヤクモ,二海郡八雲町本町,42.25166667,140.2716667,8,0144,北海道,1,A
23166,0,23,Y,Y,Y,森,モリ,茅部郡森町姫川,42.06666667,140.5883333,125,0145,北海道,1,A
23206,0,23,Y,Y,Y,川汲,カックミ,函館市川汲町,41.905,140.97,25,0147,北海道,1,A
23226,0,23,Y,Y,Y,北斗,ホクト,北斗市本町,41.88666667,140.6533333,25,0148,北海道,1,A
23232,0,23,Y,Y,Y,函館,ハコダテ,函館市美原　函館海洋気象台,41.81666667,140.7533333,35,47430,北海道,1,S
23326,0,23,Y,Y,Y,木古内,キコナイ,上磯郡木古内町大平,41.68666667,140.445,6,0917,北海道,1,A
23376,0,23,Y,Y,Y,松前,マツマエ,松前郡松前町建石,41.42333333,140.0866667,30,0152,北海道,1,A
24141,0,23,Y,Y,Y,熊石,クマイシ,二海郡八雲町熊石根崎町,42.12833333,139.985,12,0155,北海道,1,A
24041,0,24,Y,Y,Y,せたな,セタナ,せたな町瀬棚区本町,42.45,139.8516667,10,0153,北海道,1,A
24051,0,24,Y,Y,Y,今金,イマカネ,瀬棚郡今金町今金,42.42833333,140.0083333,19,0154,北海道,1,A
24101,0,24,Y,Y,Y,奥尻,オクシリ,奥尻郡奥尻町字稲穂,42.24833333,139.5566667,5,1199,北海道,1,A
24201,0,24,Y,Y,Y,鶉,ウズラ,檜山郡厚沢部町鶉町,41.93,140.3116667,53,1200,北海道,1,A
24217,0,24,Y,Y,Y,江差,エサシ,檜山郡江差町姥神町　江差特別地域気象観測所,41.86666667,140.1233333,4,47428,北海道,1,S
31001,0,31,Y,Y,Y,大間,オオマ,下北郡大間町大間字狼丁,41.52666667,140.9116667,14,1041,青森県,2,A
31111,0,31,Y,Y,Y,むつ,ムツ,むつ市金曲　むつ特別地域気象観測所,41.28333333,141.21,3,47576,青森県,2,S
31121,0,31,Y,Y,Y,小田野沢,オダノサワ,下北郡東通村小田野沢字中川目,41.235,141.3966667,6,1122,青森県,2,A
31136,0,31,Y,Y,Y,今別,イマベツ,東津軽郡今別町今別字中沢,41.18,140.4816667,30,1026,青森県,2,A
31156,0,31,Y,Y,Y,脇野沢,ワキノサワ,むつ市脇野沢桂沢,41.145,140.8216667,15,1124,青森県,2,A
31186,0,31,Y,Y,Y,市浦,シウラ,五所川原市相内,41.05666667,140.3466667,20,1119,青森県,2,A
31201,0,31,Y,Y,Y,蟹田,カニタ,東津軽郡外ヶ浜町字蟹田鰐ケ淵,41.045,140.6333333,5,0160,青森県,2,A
31296,0,31,Y,Y,Y,五所川原,ゴショガワラ,五所川原市松島町,40.80833333,140.4583333,9,0164,青森県,2,A
31312,0,31,Y,Y,Y,青森,アオモリ,青森市花園　青森地方気象台,40.82166667,140.7683333,3,47575,青森県,2,S
31332,0,31,Y,Y,Y,野辺地,ノヘジ,上北郡野辺地町有戸鳥井平,40.885,141.16,14,0162,青森県,2,A
31336,0,31,Y,Y,Y,六ケ所,ロッカショ,上北郡六ケ所村倉内字笹崎,40.885,141.2716667,80,1027,青森県,2,A
31366,0,31,Y,Y,Y,鰺ケ沢,アジガサワ,西津軽郡鰺ケ沢町舞戸町字小夜,40.77666667,140.205,40,0163,青森県,2,A
31436,0,31,Y,Y,Y,深浦,フカウラ,西津軽郡深浦町大字深浦字岡町　深浦特別地域気象観測所,40.645,139.9316667,66,47574,青森県,2,S
31461,0,31,Y,Y,Y,弘前,ヒロサキ,弘前市和田町,40.61166667,140.455,30,0166,青森県,2,A
31466,0,31,Y,Y,Y,黒石,クロイシ,黒石市馬場尻南,40.66666667,140.585,30,0167,青森県,2,A
31482,0,31,Y,Y,Y,酸ケ湯,スカユ,青森市荒川字南荒川山国有林酸ケ湯沢,40.64833333,140.8483333,890,1079,青森県,2,A
31506,0,31,Y,Y,Y,三沢,ミサワ,三沢市東町,40.675,141.375,39,0169,青森県,2,A
31586,0,31,Y,Y,Y,十和田,トワダ,十和田市相坂字相坂,40.595,141.2466667,42,0172,青森県,2,A
31602,0,31,Y,Y,Y,八戸,ハチノヘ,八戸市湊町字館鼻　八戸特別地域気象観測所,40.52666667,141.5216667,27,47581,青森県,2,S
31646,0,31,Y,Y,Y,碇ケ関,イカリガセキ,平川市碇ヶ関阿原,40.48166667,140.62,135,0175,青森県,2,A
31662,0,31,Y,Y,Y,休屋,ヤスミヤ,十和田市大字奥瀬字十和田湖畔休屋,40.42666667,140.8983333,414,0177,青森県,2,A
31721,0,31,Y,Y,Y,三戸,サンノヘ,三戸郡三戸町川守田字寺ノ沢,40.38333333,141.2566667,60,0179,青森県,2,A
32056,0,32,Y,Y,Y,八森,ハチモリ,山本郡八峰町八森木戸沢,40.38833333,139.9816667,31,1043,秋田県,5,A
32111,0,32,Y,Y,Y,能代,ノシロ,能代市緑町,40.19833333,140.0316667,6,0183,秋田県,5,A
32126,0,32,Y,Y,Y,鷹巣,タカノス,北秋田市旭町,40.22666667,140.3716667,29,0184,秋田県,5,A
32136,0,32,Y,Y,Y,大館,オオダテ,大館市出川字上野,40.25166667,140.505,49,0912,秋田県,5,A
32146,0,32,Y,Y,Y,鹿角,カヅノ,鹿角市花輪字荒田,40.215,140.7866667,123,0185,秋田県,5,A
32206,0,32,Y,Y,Y,湯瀬,ユゼ,鹿角市八幡平湯瀬字一羽根,40.12,140.84,214,0186,秋田県,5,A
32266,0,32,Y,Y,Y,八幡平,ハチマンタイ,鹿角市八幡平字熊沢外8国有林,40.01333333,140.8016667,578,1289,秋田県,5,A
32286,0,32,Y,Y,Y,男鹿,オガ,男鹿市脇本脇本字上野,39.91166667,139.9,20,1036,秋田県,5,A
32287,0,32,Y,Y,Y,大潟,オオガタ,南秋田郡大潟村大潟,40,139.95,-3,1035,秋田県,5,A
32296,0,32,Y,Y,Y,五城目,ゴジョウメ,南秋田郡五城目町上樋口字屋岸,39.93833333,140.115,6,0188,秋田県,5,A
32311,0,32,Y,Y,Y,阿仁合,アニアイ,北秋田市阿仁水無字畑町裏,39.99333333,140.4033333,120,1131,秋田県,5,A
32402,0,32,Y,Y,Y,秋田,アキタ,秋田市山王　秋田地方気象台,39.71666667,140.0983333,6,47582,秋田県,5,S
32407,0,32,Y,Y,Y,岩見三内,イワミサンナイ,秋田市河辺三内字外川原,39.70666667,140.2866667,41,0192,秋田県,5,A
32466,0,32,Y,Y,Y,角館,カクノダテ,仙北市角館町小勝田鵜の崎,39.60333333,140.5566667,56,0193,秋田県,5,A
32476,0,32,Y,Y,Y,田沢湖,タザワコ,仙北市田沢湖生保内字宮の後,39.69833333,140.7316667,230,0194,秋田県,5,A
32496,0,32,Y,Y,Y,大正寺,ダイショウジ,秋田市雄和新波字寺沢,39.52666667,140.2333333,20,1050,秋田県,5,A
32551,0,32,Y,Y,Y,大曲,オオマガリ,大仙市四ツ屋字下古道,39.49,140.495,30,0195,秋田県,5,A
32571,0,32,Y,Y,Y,本荘,ホンジョウ,由利本荘市埋田字用堰南,39.36,140.055,11,0196,秋田県,5,A
32581,0,32,Y,Y,Y,東由利,ヒガシユリ,由利本荘市東由利老方字後田,39.305,140.2883333,117,1117,秋田県,5,A
32596,0,32,Y,Y,Y,横手,ヨコテ,横手市横手町大樋,39.32,140.555,59,0198,秋田県,5,A
32616,0,32,Y,Y,Y,象潟,キサカタ,にかほ市象潟町字琴和喜,39.22166667,139.9016667,5,0199,秋田県,5,A
32626,0,32,Y,Y,Y,矢島,ヤシマ,由利本荘市矢島町城内字築館,39.235,140.1366667,46,0200,秋田県,5,A
32691,0,32,Y,Y,Y,湯沢,ユザワ,湯沢市金谷字樋ノ口,39.18666667,140.4633333,74,0202,秋田県,5,A
32771,0,32,Y,Y,Y,湯の岱,ユノタイ,湯沢市秋の宮字湯の岱,38.96,140.5283333,335,0204,秋田県,5,A
33006,0,33,Y,Y,Y,種市,タネイチ,九戸郡洋野町種市第21地割,40.40333333,141.7,70,0205,岩手県,3,A
33026,0,33,Y,Y,Y,軽米,カルマイ,九戸郡軽米町軽米第3地割字中坪,40.31666667,141.4733333,153,0206,岩手県,3,A
33071,0,33,Y,Y,Y,二戸,ニノヘ,二戸市堀野字馬場,40.29666667,141.2983333,87,0207,岩手県,3,A
33136,0,33,Y,Y,Y,山形,ヤマガタ,久慈市山形町川井,40.14833333,141.5716667,290,1219,岩手県,3,A
33146,0,33,Y,Y,Y,久慈,クジ,久慈市川崎町第3地割,40.18833333,141.775,5,0209,岩手県,3,A
33166,0,33,Y,Y,Y,荒屋,アラヤ,八幡平市叺田,40.10333333,141.05,290,1120,岩手県,3,A
33176,0,33,Y,Y,Y,奥中山,オクナカヤマ,二戸郡一戸町小繋字西田子,40.06,141.225,430,1215,岩手県,3,A
33186,0,33,Y,Y,Y,葛巻,クズマキ,岩手郡葛巻町葛巻第16地割,40.03833333,141.4366667,390,0211,岩手県,3,A
33206,0,33,Y,Y,Y,普代,フダイ,下閉伊郡普代村第13地割字普代,40.00333333,141.8833333,8,1123,岩手県,3,A
33226,0,33,Y,Y,Y,岩手松尾,イワテマツオ,八幡平市野駄,39.95166667,141.065,275,0214,岩手県,3,A
33296,0,33,Y,Y,Y,好摩,コウマ,盛岡市玉山区好摩字芋田向,39.86833333,141.1666667,205,1032,岩手県,3,A
33326,0,33,Y,Y,Y,岩泉,イワイズミ,下閉伊郡岩泉町岩泉字中家,39.84666667,141.7966667,105,0218,岩手県,3,A
33336,0,33,Y,Y,Y,小本,オモト,下閉伊郡岩泉町中島字長内,39.84,141.9533333,10,1212,岩手県,3,A
33371,0,33,Y,Y,Y,藪川,ヤブカワ,盛岡市玉山区薮川字外山,39.78333333,141.3283333,680,1078,岩手県,3,A
33421,0,33,Y,Y,Y,雫石,シズクイシ,岩手郡雫石町第40地割字千刈田,39.69666667,140.975,195,0221,岩手県,3,A
33431,0,33,Y,Y,Y,盛岡,モリオカ,盛岡市山王町　盛岡地方気象台,39.69833333,141.165,155,47584,岩手県,3,S
33441,0,33,Y,Y,Y,区界,クザカイ,宮古市川井田代第2地割字田代,39.65,141.3533333,760,1447,岩手県,3,A
33472,0,33,Y,Y,Y,宮古,ミヤコ,宮古市鍬ケ崎下町　宮古特別地域気象観測所,39.64666667,141.965,43,47585,岩手県,3,S
33501,0,33,Y,Y,Y,紫波,シワ,紫波郡紫波町稲藤字七郷,39.54666667,141.1266667,125,1128,岩手県,3,A
33526,0,33,Y,Y,Y,川井,カワイ,宮古市川井,39.59833333,141.6816667,192,1224,岩手県,3,A
33561,0,33,Y,Y,Y,沢内,サワウチ,和賀郡西和賀町沢内川舟,39.48,140.7983333,327,1118,岩手県,3,A
33581,0,33,Y,Y,Y,大迫,オオハサマ,花巻市大迫町大迫第13地割,39.47,141.2783333,150,0228,岩手県,3,A
33616,0,33,Y,Y,Y,山田,ヤマダ,下閉伊郡山田町織笠第11地割,39.45,141.9566667,24,1033,岩手県,3,A
33631,0,33,Y,Y,Y,湯田,ユダ,和賀郡西和賀町上野々第39地割,39.31,140.7766667,250,0229,岩手県,3,A
33671,0,33,Y,Y,Y,遠野,トオノ,遠野市松崎町白岩,39.33666667,141.5383333,273,0231,岩手県,3,A
33716,0,33,Y,Y,Y,北上,キタカミ,北上市芳町,39.28833333,141.11,61,0230,岩手県,3,A
33751,0,33,Y,Y,Y,釜石,カマイシ,釜石市鈴子町,39.27333333,141.87,5,0233,岩手県,3,A
33776,0,33,Y,Y,Y,若柳,ワカヤナギ,奥州市胆沢区若柳字下松原,39.13166667,141.0633333,100,0235,岩手県,3,A
33781,0,33,Y,Y,Y,江刺,エサシ,奥州市江刺区愛宕字八日市,39.18333333,141.1616667,42,0236,岩手県,3,A
33801,0,33,Y,Y,Y,住田,スミタ,気仙郡住田町世田米字川向,39.14166667,141.5733333,80,1206,岩手県,3,A
33877,0,33,Y,Y,Y,大船渡,オオフナト,大船渡市大船渡町字赤沢　大船渡特別地域気象観測所,39.06333333,141.7133333,37,47512,岩手県,3,S
33911,0,33,Y,Y,Y,一関,イチノセキ,一関市竹山町,38.93333333,141.125,32,0238,岩手県,3,A
33921,0,33,Y,Y,Y,千厩,センマヤ,一関市千厩町千厩字北方,38.92166667,141.33,120,0239,岩手県,3,A
34012,0,34,Y,Y,Y,駒ノ湯,コマノユ,栗原市栗駒沼倉耕英南,38.91333333,140.8283333,525,1126,宮城県,4,A
34026,0,34,Y,Y,Y,気仙沼,ケセンヌマ,気仙沼市舘山,38.90833333,141.555,62,0242,宮城県,4,A
34096,0,34,Y,Y,Y,川渡,カワタビ,大崎市鳴子温泉字蓬田,38.74333333,140.76,170,0243,宮城県,4,A
34111,0,34,Y,Y,Y,築館,ツキダテ,栗原市築館左足下,38.735,141.005,25,0244,宮城県,4,A
34171,0,34,Y,Y,Y,米山,ヨネヤマ,登米市米山町西野字的場,38.62666667,141.1883333,5,1029,宮城県,4,A
34186,0,34,Y,Y,Y,志津川,シヅガワ,本吉郡南三陸町志津川字城場,38.68166667,141.4483333,39,0246,宮城県,4,A
34216,0,34,Y,Y,Y,古川,フルカワ,大崎市古川大崎字富国,38.59833333,140.9116667,28,0247,宮城県,4,A
34266,0,34,Y,Y,Y,大衡,オオヒラ,黒川郡大衡村松の平,38.47333333,140.8883333,57,0248,宮城県,4,A
34276,0,34,Y,Y,Y,鹿島台,カシマダイ,大崎市鹿島台広長字内の浦,38.46,141.0916667,3,0249,宮城県,4,A
34292,0,34,Y,Y,Y,石巻,イシノマキ,石巻市泉町　石巻特別地域気象観測所,38.42666667,141.2983333,43,47592,宮城県,4,S
34311,0,34,Y,Y,Y,新川,ニッカワ,仙台市青葉区新川字清水尻,38.30333333,140.6366667,265,0251,宮城県,4,A
34331,0,34,Y,Y,Y,塩釜,シオガマ,塩竃市伊保石,38.33833333,141.0133333,105,1030,宮城県,4,A
34361,0,34,Y,Y,Y,江ノ島,エノシマ,牡鹿郡女川町江島字荒藪,38.39833333,141.5966667,40,1290,宮城県,4,A
34392,0,34,Y,Y,Y,仙台,センダイ,仙台市宮城野区五輪　仙台管区気象台,38.26166667,140.8966667,39,47590,宮城県,4,S
34461,0,34,Y,Y,Y,白石,シロイシ,白石市福岡長袋字湯殿山,38.015,140.6116667,86,0256,宮城県,4,A
34462,0,34,Y,Y,Y,蔵王,ザオウ,刈田郡蔵王町大字平沢字内屋敷,38.12666667,140.68,112,1564,宮城県,4,A
34471,0,34,Y,Y,Y,亘理,ワタリ,亘理郡亘理町字油田,38.025,140.8583333,4,0257,宮城県,4,A
34506,0,34,Y,Y,Y,丸森,マルモリ,伊具郡丸森町舘矢間舘山字新賢中,37.93166667,140.7783333,18,1220,宮城県,4,A
35002,0,35,Y,Y,Y,飛島,トビシマ,酒田市飛島字勝浦乙,39.18333333,139.5433333,58,1291,山形県,6,A
35052,0,35,Y,Y,Y,酒田,サカタ,酒田市亀ケ崎　酒田特別地域気象観測所,38.90833333,139.8433333,3,47587,山形県,6,S
35071,0,35,Y,Y,Y,差首鍋,サスナベ,最上郡真室川町差首鍋,38.91833333,140.2,88,0260,山形県,6,A
35116,0,35,Y,Y,Y,金山,カネヤマ,最上郡金山町金山字本町,38.87833333,140.3316667,170,0262,山形県,6,A
35141,0,35,Y,Y,Y,鶴岡,ツルオカ,鶴岡市錦町,38.735,139.8283333,16,0263,山形県,6,A
35146,0,35,Y,Y,Y,狩川,カリカワ,東田川郡庄内町狩川字矢倉,38.8,139.9733333,17,0264,山形県,6,A
35162,0,35,Y,Y,Y,新庄,シンジョウ,新庄市東谷地田町　新庄特別地域気象観測所,38.75666667,140.3116667,105,47520,山形県,6,S
35176,0,35,Y,Y,Y,向町,ムカイマチ,最上郡最上町向町,38.75833333,140.5166667,212,0910,山形県,6,A
35216,0,35,Y,Y,Y,肘折,ヒジオリ,最上郡大蔵村南山,38.60666667,140.1633333,330,1125,山形県,6,A
35231,0,35,Y,Y,Y,尾花沢,オバナザワ,尾花沢市尾花沢字上新田,38.60833333,140.4116667,106,1039,山形県,6,A
35246,0,35,Y,Y,Y,鼠ケ関,ネズガセキ,鶴岡市鼠ケ関字横路,38.56666667,139.5516667,18,1040,山形県,6,A
35332,0,35,Y,Y,Y,村山,ムラヤマ,村山市大字大久保字寄込,38.46,140.3483333,80,1539,山形県,6,A
35361,0,35,Y,Y,Y,大井沢,オオイサワ,西村山郡西川町大井沢字中村,38.39,139.9933333,440,1292,山形県,6,A
35376,0,35,Y,Y,Y,左沢,アテラザワ,西村山郡大江町本郷字下夕原己,38.37,140.1916667,133,0272,山形県,6,A
35426,0,35,Y,Y,Y,山形,ヤマガタ,山形市緑町　山形地方気象台,38.255,140.345,153,47588,山形県,6,S
35456,0,35,Y,Y,Y,長井,ナガイ,長井市平山,38.105,140.015,210,0275,山形県,6,A
35486,0,35,Y,Y,Y,小国,オグニ,西置賜郡小国町増岡字下林,38.07833333,139.735,140,0277,山形県,6,A
35511,0,35,Y,Y,Y,高畠,タカハタ,東置賜郡高畠町安久津字加茂川原,38.00333333,140.2066667,220,1132,山形県,6,A
35541,0,35,Y,Y,Y,高峰,タカミネ,西置賜郡飯豊町高峰,37.99833333,139.9566667,250,0278,山形県,6,A
35552,0,35,Y,Y,Y,米沢,ヨネザワ,米沢市アルカディア,37.91166667,140.1433333,245,0279,山形県,6,A
36056,0,36,Y,Y,Y,茂庭,モニワ,福島市飯坂町茂庭字滑滝道,37.89166667,140.4366667,200,1293,福島県,7,A
36066,0,36,Y,Y,Y,梁川,ヤナガワ,伊達市梁川町粟野字作田,37.85166667,140.5883333,43,0281,福島県,7,A
36106,0,36,Y,Y,Y,桧原,ヒバラ,耶麻郡北塩原村桧原字墓下,37.72166667,140.0583333,824,1282,福島県,7,A
36126,0,36,Y,Y,Y,福島,フクシマ,福島市松木町　福島地方気象台,37.75833333,140.47,67,47595,福島県,7,S
36151,0,36,Y,Y,Y,相馬,ソウマ,相馬市成田字五郎右エ門橋,37.78333333,140.925,9,0285,福島県,7,A
36176,0,36,Y,Y,Y,喜多方,キタカタ,喜多方市字押切,37.65833333,139.8633333,212,0286,福島県,7,A
36196,0,36,Y,Y,Y,鷲倉,ワシクラ,福島市土湯温泉町字鷲倉山国有林,37.66833333,140.26,1220,1116,福島県,7,A
36221,0,36,Y,Y,Y,飯舘,イイタテ,相馬郡飯舘村草野字大師堂,37.695,140.7466667,446,1130,福島県,7,A
36251,0,36,Y,Y,Y,西会津,ニシアイヅ,耶麻郡西会津町尾野本字樋ノ口原乙,37.58833333,139.6566667,165,1031,福島県,7,A
36276,0,36,Y,Y,Y,猪苗代,イナワシロ,猪苗代町字下園,37.555,140.1216667,522,0290,福島県,7,A
36291,0,36,Y,Y,Y,二本松,ニホンマツ,二本松市金色久保,37.58333333,140.43,235,0291,福島県,7,A
36342,0,36,Y,Y,Y,金山,カネヤマ,大沼郡金山町大字中川字沖根原,37.47333333,139.5283333,296,1044,福島県,7,A
36361,0,36,Y,Y,Y,若松,ワカマツ,会津若松市材木町　若松特別地域気象観測所,37.48833333,139.91,212,47570,福島県,7,S
36391,0,36,Y,Y,Y,船引,フネヒキ,田村市船引町船引字新房院,37.435,140.5766667,421,0294,福島県,7,A
36411,0,36,Y,Y,Y,浪江,ナミエ,双葉郡浪江町川添字北上の原,37.49166667,140.965,47,0295,福島県,7,A
36426,0,36,Y,Y,Y,只見,タダミ,南会津郡只見町只見字原,37.34333333,139.3133333,377,0297,福島県,7,A
36476,0,36,Y,Y,Y,郡山,コオリヤマ,郡山市安積町成田字東丸山,37.36833333,140.33,249,0299,福島県,7,A
36501,0,36,Y,Y,Y,川内,カワウチ,双葉郡川内村上川内字小山平,37.33666667,140.8083333,410,1129,福島県,7,A
36536,0,36,Y,Y,Y,南郷,ナンゴウ,南会津郡南会津町界字梨木平,37.265,139.5366667,494,0301,福島県,7,A
36562,0,36,Y,Y,Y,湯本,ユモト,岩瀬郡天栄村田良尾字持石,37.27666667,140.0633333,640,1294,福島県,7,A
36591,0,36,Y,Y,Y,小野新町,オノニイマチ,田村郡小野町小野新町字舘廻,37.28666667,140.625,433,0304,福島県,7,A
36611,0,36,Y,Y,Y,広野,ヒロノ,双葉郡広野町下北迫字大谷地原,37.23333333,141,43,1034,福島県,7,A
36641,0,36,Y,Y,Y,田島,タジマ,南会津郡南会津町田島字東下原,37.20666667,139.795,544,0303,福島県,7,A
36667,0,36,Y,Y,Y,白河,シラカワ,白河市郭内　白河特別地域気象観測所,37.13166667,140.215,355,47597,福島県,7,S
36676,0,36,Y,Y,Y,石川,イシカワ,石川郡石川町双里字本宮,37.14666667,140.46,290,0307,福島県,7,A
36716,0,36,Y,Y,Y,桧枝岐,ヒノエマタ,南会津郡桧枝岐村下ノ原,37.02333333,139.3866667,930,1295,福島県,7,A
36821,0,36,Y,Y,Y,東白川,ヒガシシラカワ,東白川郡塙町大字上石井字新田,36.93833333,140.4083333,183,0312,福島県,7,A
36836,0,36,Y,Y,Y,山田,ヤマダ,いわき市山田町大谷,36.93333333,140.7333333,25,1607,福島県,7,A
36846,0,36,Y,Y,Y,小名浜,オナハマ,いわき市小名浜字船引場　小名浜特別地域気象観測所,36.94666667,140.9033333,3,47598,福島県,7,S
40046,0,40,Y,Y,Y,北茨城,キタイバラキ,北茨城市関南町関本下字小高,36.84166667,140.7716667,45,0315,茨城県,8,A
40061,0,40,Y,Y,Y,大子,ダイゴ,久慈郡大子町大子,36.77833333,140.345,120,0316,茨城県,8,A
40091,0,40,Y,Y,Y,常陸大宮,ヒタチオオミヤ,常陸大宮市上小瀬,36.60666667,140.325,95,1331,茨城県,8,A
40136,0,40,Y,Y,Y,日立,ヒタチ,日立市助川町,36.59833333,140.65,52,1011,茨城県,8,A
40191,0,40,Y,Y,Y,笠間,カサマ,笠間市石井,36.38333333,140.2366667,65,0318,茨城県,8,A
40201,0,40,Y,Y,Y,水戸,ミト,水戸市金町　水戸地方気象台,36.38,140.4666667,29,47629,茨城県,8,S
40221,0,40,Y,Y,Y,古河,コガ,古河市北町,36.20166667,139.7166667,20,0320,茨城県,8,A
40231,0,40,Y,Y,Y,下館,シモダテ,筑西市西石田,36.28166667,139.9883333,24,1530,茨城県,8,A
40281,0,40,Y,Y,Y,下妻,シモツマ,下妻市二本紀,36.16833333,139.945,20,0322,茨城県,8,A
40311,0,40,Y,Y,Y,鉾田,ホコタ,鉾田市安房,36.16833333,140.5266667,32,1245,茨城県,8,A
40336,0,40,Y,Y,Y,つくば,ツクバ,つくば市長峰　高層気象台,36.05666667,140.125,25,47646,茨城県,8,S
40341,0,40,Y,Y,Y,土浦,ツチウラ,土浦市木田余東台,36.10333333,140.22,26,0324,茨城県,8,A
40406,0,40,Y,Y,Y,鹿嶋,カシマ,鹿嶋市城山,35.96333333,140.6216667,37,0325,茨城県,8,A
40426,0,40,Y,Y,Y,龍ケ崎,リュウガサキ,龍ケ崎市大徳町,35.89,140.2116667,4,1014,茨城県,8,A
41011,0,41,Y,Y,Y,那須,ナス,那須郡那須町大島,37.12333333,140.035,749,0326,栃木県,9,A
41076,0,41,Y,Y,Y,五十里,イカリ,日光市五十里堀割,36.92166667,139.695,620,1015,栃木県,9,A
41091,0,41,Y,Y,Y,黒磯,クロイソ,那須塩原市埼玉,36.98166667,140.0183333,343,0329,栃木県,9,A
41116,0,41,Y,Y,Y,土呂部,ドロブ,日光市土呂部,36.89333333,139.5683333,925,1221,栃木県,9,A
41141,0,41,Y,Y,Y,大田原,オオタワラ,大田原市宇田川,36.84,140.035,188,0331,栃木県,9,A
41166,0,41,Y,Y,Y,奥日光,オクニッコウ,日光市中宮祠　日光特別地域気象観測所,36.73833333,139.5,1292,47690,栃木県,9,S
41171,0,41,Y,Y,Y,今市,イマイチ,日光市瀬川,36.72666667,139.6766667,414,1333,栃木県,9,A
41181,0,41,Y,Y,Y,塩谷,シオヤ,塩谷郡塩谷町大字田所,36.75666667,139.8833333,225,1334,栃木県,9,A
41247,0,41,Y,Y,Y,那須烏山,ナスカラスヤマ,那須烏山市森田字小塙前,36.64166667,140.1166667,82,1605,栃木県,9,A
41271,0,41,Y,Y,Y,鹿沼,カヌマ,鹿沼市見野,36.59166667,139.735,165,0335,栃木県,9,A
41277,0,41,Y,Y,Y,宇都宮,ウツノミヤ,宇都宮市明保野町　宇都宮地方気象台,36.54833333,139.8683333,119,47615,栃木県,9,S
41331,0,41,Y,Y,Y,真岡,モオカ,真岡市下籠谷,36.47833333,139.9866667,91,0338,栃木県,9,A
41361,0,41,Y,Y,Y,佐野,サノ,佐野市田沼町,36.36333333,139.57,68,1018,栃木県,9,A
41376,0,41,Y,Y,Y,小山,オヤマ,小山市出井,36.33833333,139.83,44,0341,栃木県,9,A
42046,0,42,Y,Y,Y,藤原,フジワラ,利根郡みなかみ町藤原字屋倉,36.86333333,139.0583333,700,1222,群馬県,10,A
42091,0,42,Y,Y,Y,みなかみ,ミナカミ,利根郡みなかみ町幸知,36.8,138.9916667,531,1019,群馬県,10,A
42121,0,42,Y,Y,Y,草津,クサツ,吾妻郡草津町草津,36.61666667,138.5916667,1223,0343,群馬県,10,A
42146,0,42,Y,Y,Y,沼田,ヌマタ,沼田市高橋場町,36.65333333,139.06,439,0346,群馬県,10,A
42186,0,42,Y,Y,Y,中之条,ナカノジョウ,吾妻郡中之条町伊勢町,36.58666667,138.85,354,1020,群馬県,10,A
42221,0,42,Y,Y,Y,田代,タシロ,吾妻郡嬬恋村田代,36.46333333,138.4633333,1230,0348,群馬県,10,A
42251,0,42,Y,Y,Y,前橋,マエバシ,前橋市昭和町　前橋地方気象台,36.405,139.06,112,47624,群馬県,10,S
42266,0,42,Y,Y,Y,桐生,キリュウ,桐生市広沢町,36.38333333,139.345,87,0351,群馬県,10,A
42286,0,42,Y,Y,Y,上里見,カミサトミ,高崎市上里見町,36.37666667,138.895,183,0353,群馬県,10,A
42302,0,42,Y,Y,Y,伊勢崎,イセサキ,伊勢崎市宮子町,36.33166667,139.165,64,1021,群馬県,10,A
42326,0,42,Y,Y,Y,西野牧,ニシノマキ,甘楽郡下仁田町西野牧,36.245,138.7066667,375,0354,群馬県,10,A
42366,0,42,Y,Y,Y,館林,タテバヤシ,館林市美園町,36.23333333,139.5316667,21,0356,群馬県,10,A
42396,0,42,Y,Y,Y,神流,カンナ,多野郡神流町大字黒田字坂井道下,36.10833333,138.8966667,357,1223,群馬県,10,A
43051,0,43,Y,Y,Y,寄居,ヨリイ,大里郡寄居町大字折原,36.105,139.1833333,128,1009,埼玉県,11,A
43056,0,43,Y,Y,Y,熊谷,クマガヤ,熊谷市桜町　熊谷地方気象台,36.15,139.38,30,47626,埼玉県,11,S
43126,0,43,Y,Y,Y,久喜,クキ,久喜市六万部,36.08666667,139.635,12,0359,埼玉県,11,A
43156,0,43,Y,Y,Y,秩父,チチブ,秩父市上町　秩父特別地域気象観測所,35.99,139.0733333,232,47641,埼玉県,11,S
43171,0,43,Y,Y,Y,鳩山,ハトヤマ,比企郡鳩山町赤沼字雷,35.985,139.335,44,1232,埼玉県,11,A
43241,0,43,Y,Y,Y,さいたま,サイタマ,さいたま市桜区大字宿,35.875,139.5866667,8,0363,埼玉県,11,A
43256,0,43,Y,Y,Y,越谷,コシガヤ,越谷市大字北後谷,35.88333333,139.7566667,3,0364,埼玉県,11,A
43266,0,43,Y,Y,Y,所沢,トコロザワ,所沢市勝楽寺,35.77333333,139.4133333,119,1070,埼玉県,11,A
44046,0,44,Y,Y,Y,小河内,オゴウチ,西多摩郡奥多摩町原,35.79166667,139.05,530,0365,東京都,13,A
44056,0,44,Y,Y,Y,青梅,オウメ,青梅市新町,35.78833333,139.3116667,155,1001,東京都,13,A
44076,0,44,Y,Y,Y,練馬,ネリマ,練馬区豊玉上,35.735,139.6683333,38,1002,東京都,13,A
44112,0,44,Y,Y,Y,八王子,ハチオウジ,八王子市元本郷町,35.66666667,139.3166667,123,0366,東京都,13,A
44116,0,44,Y,Y,Y,府中,フチュウ,府中市幸町,35.68333333,139.4816667,59,1133,東京都,13,A
44136,0,44,Y,Y,Y,江戸川臨海,エドガワリンカイ,江戸川区臨海町,35.63833333,139.8633333,5,0370,東京都,13,A
44172,0,44,Y,Y,Y,大島,オオシマ,大島町元町字家の上　大島特別地域気象観測所,34.74833333,139.3616667,74,47675,東京都,13,S
44226,0,44,Y,Y,Y,三宅島,ミヤケジマ,三宅島三宅村神着　三宅島特別地域気象観測所,34.12333333,139.5216667,36,47677,東京都,13,S
44262,0,44,Y,Y,Y,八重見ヶ原,ヤエミガハラ,八丈島八丈町大賀郷　八丈島空港出張所,33.115,139.785,92,1468,東京都,13,A
44263,0,44,Y,Y,Y,八丈島,ハチジョウジマ,八丈島八丈町大賀郷　八丈島特別地域気象観測所,33.12166667,139.7783333,151,47678,東京都,13,S
44301,0,44,Y,Y,Y,父島,チチジマ,小笠原村父島字西町　父島気象観測所,27.09166667,142.19,3,47971,東京都,13,S
44356,0,44,Y,Y,Y,南鳥島,ミナミトリシマ,小笠原村南鳥島　南鳥島気象観測所,24.28833333,153.9833333,7,47991,東京都,13,S
45061,0,45,Y,Y,Y,我孫子,アビコ,我孫子市新木野,35.86333333,140.11,20,0376,千葉県,12,A
45081,0,45,Y,Y,Y,香取,カトリ,香取市大根,35.85833333,140.5016667,37,0375,千葉県,12,A
45106,0,45,Y,Y,Y,船橋,フナバシ,船橋市薬円台,35.71166667,140.0433333,28,1236,千葉県,12,A
45116,0,45,Y,Y,Y,佐倉,サクラ,佐倉市角来字屋敷前,35.72833333,140.2116667,5,0916,千葉県,12,A
45147,0,45,Y,Y,Y,銚子,チョウシ,銚子市川口町　銚子地方気象台,35.73833333,140.8566667,20,47648,千葉県,12,S
45181,0,45,Y,Y,Y,横芝光,ヨコシバヒカリ,山武郡横芝光町横芝,35.65666667,140.48,6,1003,千葉県,12,A
45212,0,45,Y,Y,Y,千葉,チバ,千葉市中央区中央港　千葉特別地域気象観測所,35.60166667,140.1033333,4,47682,千葉県,12,S
45261,0,45,Y,Y,Y,茂原,モバラ,茂原市早野字川中島,35.41666667,140.31,9,0381,千葉県,12,A
45282,0,45,Y,Y,Y,木更津,キサラヅ,木更津市請西南,35.36166667,139.94,60,0382,千葉県,12,A
45291,0,45,Y,Y,Y,牛久,ウシク,市原市米沢,35.39666667,140.1483333,30,1238,千葉県,12,A
45326,0,45,Y,Y,Y,坂畑,サカハタ,君津市坂畑,35.235,140.0983333,120,1241,千葉県,12,A
45361,0,45,Y,Y,Y,鴨川,カモガワ,鴨川市横渚,35.11166667,140.1,5,0384,千葉県,12,A
45371,0,45,Y,Y,Y,勝浦,カツウラ,勝浦市墨名　勝浦特別地域気象観測所,35.15,140.3116667,12,47674,千葉県,12,S
45401,0,45,Y,Y,Y,館山,タテヤマ,館山市長須賀　館山特別地域気象観測所,34.98666667,139.865,6,47672,千葉県,12,S
46091,0,46,Y,Y,Y,海老名,エビナ,海老名市中新田,35.43333333,139.3866667,18,0388,神奈川県,14,A
46106,0,46,Y,Y,Y,横浜,ヨコハマ,横浜市中区山手町　横浜地方気象台,35.43833333,139.6516667,39,47670,神奈川県,14,S
46141,0,46,Y,Y,Y,辻堂,ツジドウ,藤沢市辻堂西海岸,35.32,139.45,5,1443,神奈川県,14,A
46166,0,46,Y,Y,Y,小田原,オダワラ,小田原市扇町,35.27666667,139.155,14,1008,神奈川県,14,A
46211,0,46,Y,Y,Y,三浦,ミウラ,三浦市初声町下宮田,35.17833333,139.63,42,0392,神奈川県,14,A
48031,0,48,Y,Y,Y,野沢温泉,ノザワオンセン,下高井郡野沢温泉村大字豊郷字南原,36.91166667,138.4416667,576,0393,長野県,15,A
48061,0,48,Y,Y,Y,信濃町,シナノマチ,上水内郡信濃町柏原字小丸山,36.80833333,138.1983333,685,0394,長野県,15,A
48066,0,48,Y,Y,Y,飯山,イイヤマ,飯山市大字飯山字大道東,36.875,138.375,313,0395,長野県,15,A
48141,0,48,Y,Y,Y,白馬,ハクバ,北安曇郡白馬村北城,36.69833333,137.8616667,703,0396,長野県,15,A
48156,0,48,Y,Y,Y,長野,ナガノ,長野市箱清水　長野地方気象台,36.66166667,138.1916667,418,47610,長野県,15,S
48191,0,48,Y,Y,Y,大町,オオマチ,大町市大町,36.52333333,137.8333333,784,0399,長野県,15,A
48196,0,48,Y,Y,Y,信州新町,シンシュウシンマチ,長野市信州新町牧田中,36.54833333,137.9966667,509,0400,長野県,15,A
48216,0,48,Y,Y,Y,菅平,スガダイラ,上田市菅平高原,36.53166667,138.325,1253,0992,長野県,15,A
48256,0,48,Y,Y,Y,上田,ウエダ,上田市古里,36.4,138.265,502,0402,長野県,15,A
48296,0,48,Y,Y,Y,穂高,ホタカ,安曇野市穂高,36.34333333,137.8816667,540,0404,長野県,15,A
48321,0,48,Y,Y,Y,東御,トウミ,東御市新張,36.38333333,138.3833333,958,0993,長野県,15,A
48331,0,48,Y,Y,Y,軽井沢,カルイザワ,北佐久郡軽井沢町追分　軽井沢特別地域気象観測所,36.34166667,138.5466667,999,47622,長野県,15,S
48361,0,48,Y,Y,Y,松本,マツモト,松本市沢村　松本特別地域気象観測所,36.245,137.97,610,47618,長野県,15,S
48381,0,48,Y,Y,Y,立科,タテシナ,北佐久郡立科町芦田,36.27166667,138.3133333,715,1300,長野県,15,A
48386,0,48,Y,Y,Y,佐久,サク,佐久市中込,36.24666667,138.4766667,683,0408,長野県,15,A
48466,0,48,Y,Y,Y,奈川,ナガワ,松本市奈川,36.08833333,137.6833333,1068,1312,長野県,15,A
48531,0,48,Y,Y,Y,開田高原,カイダコウゲン,木曽郡木曽町開田高原西野,35.93833333,137.6016667,1130,1314,長野県,15,A
48541,0,48,Y,Y,Y,木曽平沢,キソヒラサワ,塩尻市大字木曽平沢,35.98333333,137.835,900,0413,長野県,15,A
48546,0,48,Y,Y,Y,辰野,タツノ,上伊那郡辰野町中央,35.98166667,137.9833333,729,1319,長野県,15,A
48561,0,48,Y,Y,Y,原村,ハラムラ,諏訪郡原村八ツ手,35.97,138.22,1017,0414,長野県,15,A
48571,0,48,Y,Y,Y,野辺山,ノベヤマ,南佐久郡南牧村野辺山,35.94833333,138.4716667,1350,0415,長野県,15,A
48606,0,48,Y,Y,Y,木曽福島,キソフクシマ,木曽郡木曽町福島,35.84,137.6883333,750,0417,長野県,15,A
48621,0,48,Y,Y,Y,伊那,イナ,伊那市下新田,35.82666667,137.955,628,1445,長野県,15,A
48717,0,48,Y,Y,Y,南木曽,ナギソ,木曽郡南木曽町読書,35.61,137.62,560,1022,長野県,15,A
48731,0,48,Y,Y,Y,飯島,イイジマ,上伊那郡飯島町七久保,35.65333333,137.8983333,728,0424,長野県,15,A
48767,0,48,Y,Y,Y,飯田,イイダ,飯田市高羽町　飯田特別地域気象観測所,35.52333333,137.8216667,516,47637,長野県,15,S
48826,0,48,Y,Y,Y,浪合,ナミアイ,下伊那郡阿智村浪合,35.37333333,137.6916667,940,1317,長野県,15,A
48841,0,48,Y,Y,Y,南信濃,ミナミシナノ,飯田市南信濃和田字夜川瀬,35.32166667,137.9316667,407,1323,長野県,15,A
49036,0,49,Y,Y,Y,大泉,オオイズミ,北杜市大泉町谷戸,35.86166667,138.3866667,867,1023,山梨県,16,A
49086,0,49,Y,Y,Y,韮崎,ニラサキ,韮崎市大草町若尾,35.69333333,138.4483333,341,1024,山梨県,16,A
49142,0,49,Y,Y,Y,甲府,コウフ,甲府市飯田　甲府地方気象台,35.66666667,138.5533333,273,47638,山梨県,16,S
49151,0,49,Y,Y,Y,勝沼,カツヌマ,甲州市勝沼町勝沼,35.66333333,138.725,394,0433,山梨県,16,A
49161,0,49,Y,Y,Y,大月,オオツキ,大月市大月,35.60833333,138.9383333,364,0434,山梨県,16,A
49196,0,49,Y,Y,Y,古関,フルセキ,甲府市古関町,35.52833333,138.615,552,0436,山梨県,16,A
49236,0,49,Y,Y,Y,切石,キリイシ,南巨摩郡身延町切石,35.46666667,138.4416667,226,1234,山梨県,16,A
49251,0,49,Y,Y,Y,河口湖,カワグチコ,南都留郡富士河口湖町船津　河口湖特別地域気象観測所,35.5,138.76,860,47640,山梨県,16,S
49256,0,49,Y,Y,Y,山中,ヤマナカ,南都留郡山中湖村梨ケ原,35.43666667,138.8366667,992,0438,山梨県,16,A
49316,0,49,Y,Y,Y,南部,ナンブ,南巨摩郡南部町南部,35.28833333,138.445,141,0439,山梨県,16,A
50106,0,50,Y,Y,Y,井川,イカワ,静岡市葵区井川,35.21666667,138.2216667,755,1338,静岡県,17,A
50136,0,50,Y,Y,Y,御殿場,ゴテンバ,御殿場市萩原,35.305,138.9266667,472,0441,静岡県,17,A
50196,0,50,Y,Y,Y,富士,フジ,富士市厚原,35.185,138.6633333,66,0442,静岡県,17,A
50206,0,50,Y,Y,Y,三島,ミシマ,三島市東本町　三島特別地域気象観測所,35.11333333,138.925,21,47657,静岡県,17,S
50226,0,50,Y,Y,Y,佐久間,サクマ,浜松市天竜区佐久間町浦川,35.05666667,137.7616667,150,0986,静岡県,17,A
50241,0,50,Y,Y,Y,川根本町,カワネホンチョウ,榛原郡川根本町田代,35.10166667,138.1283333,290,0445,静岡県,17,A
50261,0,50,Y,Y,Y,清水,シミズ,静岡市清水区興津中町,35.05333333,138.5216667,3,1243,静岡県,17,A
50281,0,50,Y,Y,Y,網代,アジロ,熱海市網代　網代特別地域気象観測所,35.045,139.0916667,67,47668,静岡県,17,S
50331,0,50,Y,Y,Y,静岡,シズオカ,静岡市駿河区曲金　静岡地方気象台,34.975,138.4033333,14,47656,静岡県,17,S
50386,0,50,Y,Y,Y,天竜,テンリュウ,浜松市天竜区船明,34.89,137.8133333,61,0451,静岡県,17,A
50456,0,50,Y,Y,Y,浜松,ハママツ,浜松市中区三組町　浜松特別地域気象観測所,34.70833333,137.7183333,32,47654,静岡県,17,S
50476,0,50,Y,Y,Y,菊川牧之原,キクガワマキノハラ,菊川市倉沢,34.785,138.1383333,191,1335,静岡県,17,A
50491,0,50,Y,Y,Y,松崎,マツザキ,賀茂郡松崎町江奈,34.755,138.7833333,4,0456,静岡県,17,A
50506,0,50,Y,Y,Y,稲取,イナトリ,賀茂郡東伊豆町稲取,34.78166667,139.0483333,130,0457,静岡県,17,A
50536,0,50,Y,Y,Y,磐田,イワタ,磐田市南島,34.69166667,137.88,1,1244,静岡県,17,A
50551,0,50,Y,Y,Y,御前崎,オマエザキ,御前崎市御前崎　御前崎特別地域気象観測所,34.60333333,138.2116667,45,47655,静岡県,17,S
50561,0,50,Y,Y,Y,石廊崎,イロウザキ,賀茂郡南伊豆町石廊崎石室山　石廊崎特別地域気象観測所,34.60333333,138.8416667,55,47666,静岡県,17,S
51031,0,51,Y,Y,Y,愛西,アイサイ,愛西市江西町川原,35.21666667,136.6983333,5,1346,愛知県,23,A
51071,0,51,Y,Y,Y,稲武,イナブ,豊田市稲武町スソガエト,35.21166667,137.5066667,505,0982,愛知県,23,A
51106,0,51,Y,Y,Y,名古屋,ナゴヤ,名古屋市千種区日和町　名古屋地方気象台,35.16666667,136.965,51,47636,愛知県,23,S
51116,0,51,Y,Y,Y,豊田,トヨタ,豊田市高町東山,35.13166667,137.1766667,75,0464,愛知県,23,A
51161,0,51,Y,Y,Y,東海,トウカイ,東海市中央町,35.02333333,136.9016667,10,0465,愛知県,23,A
51226,0,51,Y,Y,Y,岡崎,オカザキ,岡崎市美合町地蔵野,34.91833333,137.1933333,47,0467,愛知県,23,A
51247,0,51,Y,Y,Y,新城,シンシロ,新城市富沢字広瀬,34.90666667,137.5166667,53,1541,愛知県,23,A
51281,0,51,Y,Y,Y,蒲郡,ガマゴオリ,蒲郡市神ノ郷町上名取,34.845,137.2166667,55,1344,愛知県,23,A
51311,0,51,Y,Y,Y,南知多,ミナミチタ,知多郡南知多町大字豊丘字浜見台,34.74,136.9383333,16,0984,愛知県,23,A
51331,0,51,Y,Y,Y,豊橋,トヨハシ,豊橋市神野新田町レノ割,34.75,137.3416667,3,0470,愛知県,23,A
51346,0,51,Y,Y,Y,伊良湖,イラコ,田原市福江町字金五郎坂　伊良湖特別地域気象観測所,34.62833333,137.0933333,6,47653,愛知県,23,S
52041,0,52,Y,Y,Y,河合,カワイ,飛騨市河合町角川,36.305,137.1,471,1308,岐阜県,22,A
52051,0,52,Y,Y,Y,神岡,カミオカ,飛騨市神岡町殿,36.32166667,137.3083333,455,0473,岐阜県,22,A
52081,0,52,Y,Y,Y,白川,シラカワ,大野郡白川村鳩谷字北長,36.27333333,136.8966667,478,1306,岐阜県,22,A
52111,0,52,Y,Y,Y,栃尾,トチオ,高山市奥飛騨温泉郷今見,36.24833333,137.5033333,765,1061,岐阜県,22,A
52146,0,52,Y,Y,Y,高山,タカヤマ,高山市桐生町　高山特別地域気象観測所,36.155,137.2533333,560,47617,岐阜県,22,S
52181,0,52,Y,Y,Y,六厩,ムマヤ,高山市荘川町六厩,36.06,137.0333333,1015,1305,岐阜県,22,A
52196,0,52,Y,Y,Y,宮之前,ミヤノマエ,高山市朝日町宮之前,36.015,137.3883333,930,1311,岐阜県,22,A
52221,0,52,Y,Y,Y,長滝,ナガタキ,郡上市白鳥町長滝字三昧,35.925,136.8316667,430,1299,岐阜県,22,A
52286,0,52,Y,Y,Y,萩原,ハギワラ,下呂市萩原町羽根,35.88833333,137.2066667,425,0483,岐阜県,22,A
52331,0,52,Y,Y,Y,八幡,ハチマン,郡上市八幡町旭田尻,35.75666667,136.9783333,250,0485,岐阜県,22,A
52346,0,52,Y,Y,Y,宮地,ミヤジ,下呂市宮地,35.76333333,137.2883333,450,1066,岐阜県,22,A
52381,0,52,Y,Y,Y,樽見,タルミ,本巣市根尾神所,35.63833333,136.6033333,190,0486,岐阜県,22,A
52406,0,52,Y,Y,Y,金山,カナヤマ,下呂市金山町大船渡,35.66333333,137.16,233,0487,岐阜県,22,A
52461,0,52,Y,Y,Y,美濃,ミノ,美濃市前野中川原,35.55666667,136.91,68,1057,岐阜県,22,A
52482,0,52,Y,Y,Y,黒川,クロカワ,加茂郡白川町黒川,35.59833333,137.3183333,517,1313,岐阜県,22,A
52511,0,52,Y,Y,Y,揖斐川,イビガワ,揖斐郡揖斐川町三輪,35.485,136.5666667,45,1301,岐阜県,22,A
52536,0,52,Y,Y,Y,美濃加茂,ミノカモ,美濃加茂市西町,35.445,137.005,74,0491,岐阜県,22,A
52556,0,52,Y,Y,Y,恵那,エナ,恵那市長島町永田大洞,35.44666667,137.4033333,315,0493,岐阜県,22,A
52557,0,52,Y,Y,Y,中津川,ナカツガワ,中津川市手賀野,35.47666667,137.4866667,378,0494,岐阜県,22,A
52571,0,52,Y,Y,Y,関ケ原,セキガハラ,不破郡関ケ原町関ケ原,35.36333333,136.4666667,130,0495,岐阜県,22,A
52581,0,52,Y,Y,Y,大垣,オオガキ,大垣市禾森町,35.34666667,136.62,6,0496,岐阜県,22,A
52586,0,52,Y,Y,Y,岐阜,ギフ,岐阜市加納二之丸　岐阜地方気象台,35.4,136.7616667,13,47632,岐阜県,22,S
52606,0,52,Y,Y,Y,多治見,タジミ,多治見市光ケ丘,35.34666667,137.1083333,120,1058,岐阜県,22,A
53041,0,53,Y,Y,Y,桑名,クワナ,桑名市江場字正金縄,35.05,136.6933333,3,0500,三重県,24,A
53061,0,53,Y,Y,Y,四日市,ヨッカイチ,四日市市日永　四日市特別地域気象観測所,34.94,136.58,55,47684,三重県,24,S
53091,0,53,Y,Y,Y,亀山,カメヤマ,亀山市椿世町,34.87,136.4533333,70,0503,三重県,24,A
53112,0,53,Y,Y,Y,上野,ウエノ,伊賀市緑ケ丘本町　上野特別地域気象観測所,34.76166667,136.1416667,159,47649,三重県,24,S
53132,0,53,Y,Y,Y,津,ツ,津市島崎町　津地方気象台,34.73333333,136.5183333,3,47651,三重県,24,S
53196,0,53,Y,Y,Y,小俣,オバタ,伊勢市小俣町明野,34.52833333,136.665,10,0509,三重県,24,A
53231,0,53,Y,Y,Y,粥見,カユミ,松阪市飯南町粥見,34.44833333,136.39,120,0510,三重県,24,A
53257,0,53,Y,Y,Y,鳥羽,トバ,鳥羽市鳥羽,34.48166667,136.825,2,1230,三重県,24,A
53296,0,53,Y,Y,Y,南伊勢,ミナミイセ,度会郡南伊勢町船越,34.345,136.6816667,6,1258,三重県,24,A
53326,0,53,Y,Y,Y,紀伊長島,キイナガシマ,北牟婁郡紀北町紀伊長島区長島,34.20833333,136.3266667,3,1349,三重県,24,A
53378,0,53,Y,Y,Y,尾鷲,オワセ,尾鷲市南陽町　尾鷲特別地域気象観測所,34.07,136.1933333,15,47663,三重県,24,S
53401,0,53,Y,Y,Y,熊野新鹿,クマノアタシカ,熊野市新鹿町,33.93166667,136.1383333,23,1532,三重県,24,A
54011,0,54,Y,Y,Y,粟島,アワシマ,岩船郡粟島浦村内浦,38.46166667,139.2516667,4,0995,新潟県,18,A
54041,0,54,Y,Y,Y,弾崎,ハジキザキ,佐渡市鷲崎字弾崎,38.33,138.5116667,58,1315,新潟県,18,A
54086,0,54,Y,Y,Y,村上,ムラカミ,村上市三之町,38.22666667,139.4783333,10,0515,新潟県,18,A
54157,0,54,Y,Y,Y,相川,アイカワ,佐渡市相川三町目新浜町　相川特別地域気象観測所,38.02833333,138.24,6,47602,新潟県,18,S
54166,0,54,Y,Y,Y,両津,リョウツ,佐渡市両津湊,38.07333333,138.44,2,0518,新潟県,18,A
54181,0,54,Y,Y,Y,中条,ナカジョウ,胎内市新和町,38.06,139.4083333,27,1318,新潟県,18,A
54191,0,54,Y,Y,Y,下関,シモセキ,岩船郡関川村下関,38.09166667,139.5633333,33,1060,新潟県,18,A
54271,0,54,Y,Y,Y,羽茂,ハモチ,佐渡市羽茂本郷,37.84166667,138.3133333,11,0996,新潟県,18,A
54296,0,54,Y,Y,Y,新津,ニイツ,新潟市秋葉区小戸上組,37.79166667,139.0866667,3,0521,新潟県,18,A
54341,0,54,Y,Y,Y,巻,マキ,新潟市西蒲区巻甲,37.76833333,138.9133333,2,0522,新潟県,18,A
54387,0,54,Y,Y,Y,寺泊,テラドマリ,長岡市寺泊二の関,37.64,138.7666667,44,0524,新潟県,18,A
54396,0,54,Y,Y,Y,三条,サンジョウ,三条市西裏館,37.64,138.955,9,0525,新潟県,18,A
54421,0,54,Y,Y,Y,津川,ツガワ,東蒲原郡阿賀町津川,37.67166667,139.4466667,100,0527,新潟県,18,A
54501,0,54,Y,Y,Y,長岡,ナガオカ,長岡市緑町,37.45,138.8233333,23,0529,新潟県,18,A
54541,0,54,Y,Y,Y,柏崎,カシワザキ,柏崎市元城町,37.35166667,138.5533333,7,0532,新潟県,18,A
54566,0,54,Y,Y,Y,入広瀬,イリヒロセ,魚沼市穴沢,37.35666667,139.0716667,230,0997,新潟県,18,A
54586,0,54,Y,Y,Y,大潟,オオガタ,上越市大潟区土底浜,37.225,138.325,13,1302,新潟県,18,A
54616,0,54,Y,Y,Y,小出,コイデ,魚沼市日渡新田,37.23833333,138.9616667,98,0534,新潟県,18,A
54651,0,54,Y,Y,Y,高田,タカダ,上越市大手町　高田特別地域気象観測所,37.10666667,138.2466667,13,47612,新潟県,18,S
54661,0,54,Y,Y,Y,安塚,ヤスヅカ,上越市安塚区和田,37.10666667,138.4566667,126,0536,新潟県,18,A
54676,0,54,Y,Y,Y,十日町,トオカマチ,十日町市小泉字北原,37.14333333,138.7266667,170,0537,新潟県,18,A
54711,0,54,Y,Y,Y,糸魚川,イトイガワ,糸魚川市一の宮,37.03833333,137.8616667,10,0539,新潟県,18,A
54721,0,54,Y,Y,Y,能生,ノウ,糸魚川市大字平,37.08333333,138.0233333,55,0540,新潟県,18,A
54816,0,54,Y,Y,Y,関山,セキヤマ,妙高市大字関山字原田,36.93333333,138.2216667,350,0998,新潟県,18,A
54836,0,54,Y,Y,Y,津南,ツナン,中魚沼郡津南町中深見乙,36.99666667,138.6833333,452,0543,新潟県,18,A
54841,0,54,Y,Y,Y,湯沢,ユザワ,南魚沼郡湯沢町湯沢字中島川原,36.94166667,138.81,340,0544,新潟県,18,A
55021,0,55,Y,Y,Y,泊,トマリ,下新川郡朝日町東草野,36.95166667,137.5516667,13,0546,富山県,19,A
55041,0,55,Y,Y,Y,氷見,ヒミ,氷見市七分一,36.86333333,136.96,7,1309,富山県,19,A
55056,0,55,Y,Y,Y,魚津,ウオヅ,魚津市六郎丸,36.82166667,137.4283333,48,0547,富山県,19,A
55091,0,55,Y,Y,Y,伏木,フシキ,高岡市伏木古国府　伏木特別地域気象観測所,36.79166667,137.055,12,47606,富山県,19,S
55102,0,55,Y,Y,Y,富山,トヤマ,富山市石坂　富山地方気象台,36.70833333,137.2016667,9,47607,富山県,19,S
55141,0,55,Y,Y,Y,砺波,トナミ,砺波市五郎丸,36.61,136.955,69,0552,富山県,19,A
55166,0,55,Y,Y,Y,上市,カミイチ,中新川郡上市町東種,36.67,137.4233333,296,0553,富山県,19,A
55191,0,55,Y,Y,Y,南砺高宮,ナントタカミヤ,南砺市高宮,36.545,136.8716667,91,0554,富山県,19,A
55206,0,55,Y,Y,Y,八尾,ヤツオ,富山市八尾町鏡町,36.57833333,137.1316667,78,0555,富山県,19,A
56036,0,56,Y,Y,Y,珠洲,スズ,珠洲市正院町正院,37.44666667,137.2866667,4,0560,石川県,20,A
56052,0,56,Y,Y,Y,輪島,ワジマ,輪島市鳳至町畠田　輪島特別地域気象観測所,37.39166667,136.895,5,47600,石川県,20,S
56116,0,56,Y,Y,Y,志賀,シカ,羽咋郡志賀町富来領家町甲,37.14333333,136.725,6,0564,石川県,20,A
56146,0,56,Y,Y,Y,七尾,ナナオ,七尾市万行町43の部,37.03,136.9916667,58,0565,石川県,20,A
56176,0,56,Y,Y,Y,羽咋,ハクイ,羽咋市旭町,36.89333333,136.7766667,15,0566,石川県,20,A
56186,0,56,Y,Y,Y,かほく,カホク,かほく市内日角井,36.71166667,136.6916667,42,0567,石川県,20,A
56227,0,56,Y,Y,Y,金沢,カナザワ,金沢市西念　金沢地方気象台,36.58833333,136.6333333,6,47605,石川県,20,S
56276,0,56,Y,Y,Y,小松,コマツ,小松市今江町,36.38166667,136.435,3,1324,石川県,20,A
56286,0,56,Y,Y,Y,白山吉野,ハクサンヨシノ,白山市吉野壬,36.36166667,136.6133333,180,0973,石川県,20,A
56301,0,56,Y,Y,Y,栢野,カヤノ,加賀市山中温泉栢野町,36.225,136.3583333,126,0571,石川県,20,A
57001,0,57,Y,Y,Y,三国,ミクニ,坂井市三国町平山,36.24333333,136.1733333,34,1071,福井県,21,A
57051,0,57,Y,Y,Y,越廼,コシノ,福井市居倉町,36.01166667,135.99,30,1316,福井県,21,A
57066,0,57,Y,Y,Y,福井,フクイ,福井市豊島　福井地方気象台,36.055,136.2216667,9,47616,福井県,21,S
57082,0,57,Y,Y,Y,勝山,カツヤマ,勝山市平泉寺町平泉寺86字岡道北,36.03833333,136.5216667,196,1226,福井県,21,A
57121,0,57,Y,Y,Y,大野,オオノ,大野市93字蛇塚,35.97166667,136.4966667,182,0573,福井県,21,A
57206,0,57,Y,Y,Y,今庄,イマジョウ,南条郡南越前町今庄,35.76666667,136.2,128,0577,福井県,21,A
57248,0,57,Y,Y,Y,敦賀,ツルガ,敦賀市松栄町　敦賀特別地域気象観測所,35.65333333,136.0616667,2,47631,福井県,21,S
57286,0,57,Y,Y,Y,美浜,ミハマ,三方郡美浜町久々子,35.6,135.9166667,10,1010,福井県,21,A
57317,0,57,Y,Y,Y,小浜,オバマ,小浜市遠敷,35.48333333,135.7816667,10,0579,福井県,21,A
60051,0,60,Y,Y,Y,今津,イマヅ,高島市今津町弘川,35.41166667,136.0283333,88,0580,滋賀県,25,A
60061,0,60,Y,Y,Y,長浜,ナガハマ,長浜市唐国町,35.42333333,136.2416667,95,0976,滋賀県,25,A
60102,0,60,Y,Y,Y,米原,マイバラ,米原市朝日字尻屋,35.38333333,136.3433333,147,1524,滋賀県,25,A
60116,0,60,Y,Y,Y,南小松,ミナミコマツ,大津市南小松,35.235,135.9566667,90,1083,滋賀県,25,A
60131,0,60,Y,Y,Y,彦根,ヒコネ,彦根市城町　彦根地方気象台,35.275,136.2433333,87,47761,滋賀県,25,S
60196,0,60,Y,Y,Y,東近江,ヒガシオウミ,東近江市桜川東町,35.06166667,136.19,128,0963,滋賀県,25,A
60216,0,60,Y,Y,Y,大津,オオツ,大津市萱野浦,34.99166667,135.9116667,86,0586,滋賀県,25,A
60226,0,60,Y,Y,Y,信楽,シガラキ,甲賀市信楽町牧,34.91333333,136.08,265,0964,滋賀県,25,A
60236,0,60,Y,Y,Y,土山,ツチヤマ,甲賀市土山町北土山,34.93833333,136.2783333,248,0587,滋賀県,25,A
61001,0,61,Y,Y,Y,間人,タイザ,京丹後市丹後町間人,35.73666667,135.0866667,42,0965,京都府,26,A
61076,0,61,Y,Y,Y,宮津,ミヤヅ,宮津市上司,35.55,135.235,2,0589,京都府,26,A
61111,0,61,Y,Y,Y,舞鶴,マイヅル,舞鶴市字下福井　舞鶴海洋気象台,35.45,135.3166667,2,47750,京都府,26,S
61187,0,61,Y,Y,Y,福知山,フクチヤマ,福知山市字荒河,35.31166667,135.1133333,17,0593,京都府,26,A
61206,0,61,Y,Y,Y,美山,ミヤマ,南丹市美山町静原桧野,35.275,135.55,200,1303,京都府,26,A
61242,0,61,Y,Y,Y,園部,ソノベ,南丹市園部町黒田,35.10833333,135.455,134,0596,京都府,26,A
61286,0,61,Y,Y,Y,京都,キョウト,京都市中京区西ノ京笠殿町　京都地方気象台,35.015,135.7316667,41,47759,京都府,26,S
61326,0,61,Y,Y,Y,京田辺,キョウタナベ,京田辺市薪西浜,34.83,135.76,20,0598,京都府,26,A
62016,0,62,Y,Y,Y,能勢,ノセ,豊能郡能勢町地黄,34.94833333,135.455,235,0600,大阪府,27,A
62046,0,62,Y,Y,Y,枚方,ヒラカタ,枚方市星丘,34.80833333,135.6716667,26,1065,大阪府,27,A
62078,0,62,Y,Y,Y,大阪,オオサカ,大阪市中央区大手前　大阪管区気象台,34.68166667,135.5183333,23,47772,大阪府,27,S
62081,0,62,Y,Y,Y,生駒山,イコマヤマ,東大阪市山手町,34.675,135.6766667,626,0604,大阪府,27,A
62091,0,62,Y,Y,Y,堺,サカイ,堺市堺区百舌鳥夕雲町,34.555,135.485,20,1062,大阪府,27,A
62131,0,62,Y,Y,Y,熊取,クマトリ,泉南郡熊取町朝代西,34.385,135.35,68,0606,大阪府,27,A
63016,0,63,Y,Y,Y,香住,カスミ,美方郡香美町香住区森,35.625,134.6266667,5,0607,兵庫県,28,A
63051,0,63,Y,Y,Y,豊岡,トヨオカ,豊岡市桜町　豊岡特別地域気象観測所,35.535,134.8216667,3,47747,兵庫県,28,S
63071,0,63,Y,Y,Y,兎和野高原,ウワノコウゲン,美方郡香美町村岡区宿字菟臥野,35.43166667,134.5833333,540,0977,兵庫県,28,A
63121,0,63,Y,Y,Y,和田山,ワダヤマ,朝来市和田山町枚田,35.32333333,134.8483333,80,0612,兵庫県,28,A
63201,0,63,Y,Y,Y,生野,イクノ,朝来市生野町口銀谷,35.16666667,134.7916667,320,0613,兵庫県,28,A
63216,0,63,Y,Y,Y,柏原,カイバラ,丹波市柏原町母坪,35.14833333,135.0466667,95,0614,兵庫県,28,A
63251,0,63,Y,Y,Y,一宮,イチノミヤ,宍粟市一宮町東市場,35.09666667,134.585,195,0615,兵庫県,28,A
63321,0,63,Y,Y,Y,福崎,フクサキ,神崎郡福崎町福崎新,34.95,134.7483333,72,0968,兵庫県,28,A
63331,0,63,Y,Y,Y,西脇,ニシワキ,西脇市上比延町,34.99833333,134.9966667,72,0956,兵庫県,28,A
63366,0,63,Y,Y,Y,上郡,カミゴオリ,赤穂郡上郡町与井,34.85833333,134.3733333,20,0619,兵庫県,28,A
63383,0,63,Y,Y,Y,姫路,ヒメジ,姫路市神子岡　姫路特別地域気象観測所,34.83833333,134.67,38,47769,兵庫県,28,S
63411,0,63,Y,Y,Y,三田,サンダ,三田市下深田,34.895,135.2116667,150,0969,兵庫県,28,A
63461,0,63,Y,Y,Y,三木,ミキ,三木市志染町広野,34.77666667,135.0133333,145,1227,兵庫県,28,A
63491,0,63,Y,Y,Y,家島,イエシマ,姫路市家島町真浦字御室寺,34.67166667,134.5266667,88,0624,兵庫県,28,A
63496,0,63,Y,Y,Y,明石,アカシ,明石市二見町南二見,34.68666667,134.8766667,3,0625,兵庫県,28,A
63551,0,63,Y,Y,Y,郡家,グンゲ,淡路市多賀,34.46666667,134.8483333,5,0970,兵庫県,28,A
63576,0,63,Y,Y,Y,洲本,スモト,洲本市小路谷　洲本特別地域気象観測所,34.33833333,134.905,109,47776,兵庫県,28,S
63588,0,63,Y,Y,Y,南淡,ナンダン,南あわじ市阿万塩屋町,34.21833333,134.72,5,1337,兵庫県,28,A
64036,0,64,Y,Y,Y,奈良,ナラ,奈良市半田開町　奈良地方気象台,34.69333333,135.8266667,104,47780,奈良県,29,S
64041,0,64,Y,Y,Y,針,ハリ,奈良市針町,34.605,135.9533333,468,0630,奈良県,29,A
64101,0,64,Y,Y,Y,大宇陀,オオウダ,宇陀市大宇陀区下竹,34.48833333,135.9316667,349,0633,奈良県,29,A
64127,0,64,Y,Y,Y,五條,ゴジョウ,五條市三在町,34.38,135.73,190,0635,奈良県,29,A
64206,0,64,Y,Y,Y,上北山,カミキタヤマ,吉野郡上北山村小橡,34.13666667,136.005,334,0957,奈良県,29,A
64227,0,64,Y,Y,Y,風屋,カゼヤ,吉野郡十津川村風屋,34.045,135.7866667,301,1228,奈良県,29,A
65026,0,65,Y,Y,Y,かつらぎ,カツラギ,伊都郡かつらぎ町妙寺,34.31,135.5283333,142,1342,和歌山県,30,A
65036,0,65,Y,Y,Y,友ケ島,トモガシマ,和歌山市加太苫ケ沖島,34.28,135,43,1457,和歌山県,30,A
65042,0,65,Y,Y,Y,和歌山,ワカヤマ,和歌山市男野芝丁　和歌山地方気象台,34.22833333,135.1633333,14,47777,和歌山県,30,S
65061,0,65,Y,Y,Y,高野山,コウヤサン,伊都郡高野町高野山,34.22166667,135.59,795,0645,和歌山県,30,A
65121,0,65,Y,Y,Y,清水,シミズ,有田郡有田川町清水,34.08666667,135.425,240,1063,和歌山県,30,A
65162,0,65,Y,Y,Y,龍神,リュウジン,田辺市龍神村湯ノ又字上湯ノ又,33.945,135.5566667,410,1089,和歌山県,30,A
65201,0,65,Y,Y,Y,川辺,カワベ,日高郡日高川町和佐,33.89333333,135.2166667,84,1485,和歌山県,30,A
65256,0,65,Y,Y,Y,栗栖川,クリスガワ,田辺市中辺路町栗栖川,33.79166667,135.5133333,160,0971,和歌山県,30,A
65276,0,65,Y,Y,Y,新宮,シングウ,新宮市佐野,33.68666667,135.97,18,0649,和歌山県,30,A
65306,0,65,Y,Y,Y,西川,ニシカワ,東牟婁郡古座川町西川,33.63833333,135.71,150,1347,和歌山県,30,A
65356,0,65,Y,Y,Y,潮岬,シオノミサキ,東牟婁郡串本町潮岬　潮岬特別地域気象観測所,33.45,135.76,73,47778,和歌山県,30,S
66046,0,66,Y,Y,Y,上長田,カミナガタ,真庭市蒜山上長田,35.29666667,133.725,430,1328,岡山県,33,A
66091,0,66,Y,Y,Y,千屋,チヤ,新見市千屋,35.10333333,133.435,525,1330,岡山県,33,A
66127,0,66,Y,Y,Y,奈義,ナギ,勝田郡奈義町荒内西字大池,35.11166667,134.17,212,1140,岡山県,33,A
66136,0,66,Y,Y,Y,今岡,イマオカ,美作市今岡,35.09833333,134.325,207,0655,岡山県,33,A
66171,0,66,Y,Y,Y,久世,クセ,真庭市中島,35.06833333,133.7533333,144,0656,岡山県,33,A
66186,0,66,Y,Y,Y,津山,ツヤマ,津山市林田　津山特別地域気象観測所,35.06333333,134.0083333,146,47756,岡山県,33,S
66221,0,66,Y,Y,Y,新見,ニイミ,新見市足見堂の下,34.94333333,133.5183333,393,0658,岡山県,33,A
66296,0,66,Y,Y,Y,福渡,フクワタリ,岡山市北区建部町福渡,34.86666667,133.9033333,63,0663,岡山県,33,A
66306,0,66,Y,Y,Y,和気,ワケ,和気郡和気町吉田,34.815,134.1833333,35,0664,岡山県,33,A
66336,0,66,Y,Y,Y,高梁,タカハシ,高梁市落合町近似,34.79166667,133.61,60,0930,岡山県,33,A
66408,0,66,Y,Y,Y,岡山,オカヤマ,岡山市北区桑田町　岡山地方気象台,34.66,133.9166667,3,47768,岡山県,33,S
66421,0,66,Y,Y,Y,虫明,ムシアゲ,瀬戸内市邑久町虫明,34.68166667,134.2066667,10,0668,岡山県,33,A
66446,0,66,Y,Y,Y,倉敷,クラシキ,倉敷市中央,34.59,133.7683333,3,0669,岡山県,33,A
66481,0,66,Y,Y,Y,笠岡,カサオカ,笠岡市カブト東町,34.50166667,133.495,0,0919,岡山県,33,A
66501,0,66,Y,Y,Y,玉野,タマノ,玉野市宇野,34.48666667,133.95,2,0670,岡山県,33,A
67016,0,67,Y,Y,Y,高野,タカノ,庄原市高野町新市,35.03333333,132.9016667,570,0947,広島県,34,A
67106,0,67,Y,Y,Y,三次,ミヨシ,三次市三次町,34.81166667,132.85,159,0674,広島県,34,A
67116,0,67,Y,Y,Y,庄原,ショウバラ,庄原市東本町,34.86,133.0233333,300,0675,広島県,34,A
67151,0,67,Y,Y,Y,大朝,オオアサ,山県郡北広島町大朝字大坪,34.76833333,132.4633333,385,0676,広島県,34,A
67191,0,67,Y,Y,Y,油木,ユキ,神石郡神石高原町安田伊ノ平谷,34.76333333,133.2783333,510,1325,広島県,34,A
67212,0,67,Y,Y,Y,加計,カケ,山県郡安芸太田町加計字神田,34.61,132.32,210,0677,広島県,34,A
67292,0,67,Y,Y,Y,三入,ミイリ,広島市安佐北区三入,34.545,132.53,70,0950,広島県,34,A
67316,0,67,Y,Y,Y,世羅,セラ,世羅郡世羅町大字東神崎字大田,34.58333333,133.05,350,0681,広島県,34,A
67326,0,67,Y,Y,Y,府中,フチュウ,府中市土生町,34.56166667,133.2316667,70,0951,広島県,34,A
67376,0,67,Y,Y,Y,東広島,ヒガシヒロシマ,東広島市八本松町原,34.41666667,132.7,224,0683,広島県,34,A
67401,0,67,Y,Y,Y,福山,フクヤマ,福山市松永町　福山特別地域気象観測所,34.44666667,133.2466667,2,47767,広島県,34,S
67421,0,67,Y,Y,Y,廿日市津田,ハツカイチツタ,廿日市市津田,34.365,132.19,317,1326,広島県,34,A
67437,0,67,Y,Y,Y,広島,ヒロシマ,広島市中区上八丁堀　広島地方気象台,34.39833333,132.4616667,4,47765,広島県,34,S
67461,0,67,Y,Y,Y,竹原,タケハラ,竹原市忠海床浦,34.33,132.9816667,5,0686,広島県,34,A
67471,0,67,Y,Y,Y,生口島,イクチジマ,尾道市瀬戸田町御寺,34.27833333,133.1233333,3,0687,広島県,34,A
67496,0,67,Y,Y,Y,大竹,オオタケ,大竹市立戸,34.22166667,132.22,1,0688,広島県,34,A
67511,0,67,Y,Y,Y,呉,クレ,呉市宝町　呉特別地域気象観測所,34.24,132.55,4,47766,広島県,34,S
67576,0,67,Y,Y,Y,呉市蒲刈,クレシカマガリ,呉市蒲刈町大浦字前沖浦,34.165,132.7483333,48,1606,広島県,34,A
68022,0,68,Y,Y,Y,西郷,サイゴウ,隠岐郡隠岐の島町西町大城の一　西郷特別地域気象観測所,36.20333333,133.3333333,27,47740,島根県,32,S
68056,0,68,Y,Y,Y,海士,アマ,隠岐郡海士町海士,36.09666667,133.0966667,3,1307,島根県,32,A
68091,0,68,Y,Y,Y,鹿島,カシマ,松江市鹿島町北講武,35.52,133.0216667,5,0693,島根県,32,A
68132,0,68,Y,Y,Y,松江,マツエ,松江市西津田　松江地方気象台,35.45666667,133.065,17,47741,島根県,32,S
68156,0,68,Y,Y,Y,出雲,イズモ,出雲市芦渡町,35.33166667,132.73,20,1310,島根県,32,A
68246,0,68,Y,Y,Y,大田,オオダ,大田市大田町大田,35.19,132.4966667,30,0697,島根県,32,A
68261,0,68,Y,Y,Y,掛合,カケヤ,雲南市掛合町掛合,35.19833333,132.8166667,215,0698,島根県,32,A
68276,0,68,Y,Y,Y,横田,ヨコタ,仁多郡奥出雲町稲原,35.17333333,133.1033333,369,0699,島根県,32,A
68306,0,68,Y,Y,Y,赤名,アカナ,飯石郡飯南町下赤名,35.00166667,132.7116667,444,1320,島根県,32,A
68351,0,68,Y,Y,Y,川本,カワモト,邑智郡川本町川本,34.97666667,132.4916667,132,0701,島根県,32,A
68376,0,68,Y,Y,Y,浜田,ハマダ,浜田市大辻町　浜田特別地域気象観測所,34.89666667,132.07,19,47755,島根県,32,S
68401,0,68,Y,Y,Y,瑞穂,ミズホ,邑智郡邑南町淀原,34.85333333,132.53,327,1094,島根県,32,A
68431,0,68,Y,Y,Y,弥栄,ヤサカ,浜田市弥栄町長安本郷,34.77666667,132.1083333,380,1321,島根県,32,A
68462,0,68,Y,Y,Y,益田,マスダ,益田市あけぼの東町,34.67666667,131.8433333,4,0704,島根県,32,A
68516,0,68,Y,Y,Y,津和野,ツワノ,鹿足郡津和野町森村口,34.46166667,131.77,165,0707,島根県,32,A
68541,0,68,Y,Y,Y,吉賀,ヨシカ,鹿足郡吉賀町七日市,34.39166667,131.8933333,250,1592,島根県,32,A
69006,0,69,Y,Y,Y,境,サカイ,境港市東本町　境特別地域気象観測所,35.54333333,133.235,2,47742,鳥取県,31,S
69021,0,69,Y,Y,Y,塩津,シオツ,西伯郡大山町塩津,35.52333333,133.5666667,15,1231,鳥取県,31,A
69041,0,69,Y,Y,Y,青谷,アオヤ,鳥取市青谷町青谷,35.52,133.9966667,13,0709,鳥取県,31,A
69061,0,69,Y,Y,Y,岩井,イワイ,岩美郡岩美町宇治字前田,35.55833333,134.36,19,0711,鳥取県,31,A
69076,0,69,Y,Y,Y,米子,ヨナゴ,米子市博労町　米子特別地域気象観測所,35.43333333,133.3383333,6,47744,鳥取県,31,S
69101,0,69,Y,Y,Y,倉吉,クラヨシ,倉吉市大塚字隈ケ坪,35.47333333,133.8383333,8,0713,鳥取県,31,A
69122,0,69,Y,Y,Y,鳥取,トットリ,鳥取市吉方　鳥取地方気象台,35.48666667,134.2383333,7,47746,鳥取県,31,S
69246,0,69,Y,Y,Y,智頭,チズ,八頭郡智頭町智頭沖代,35.26333333,134.24,182,0718,鳥取県,31,A
69271,0,69,Y,Y,Y,茶屋,チャヤ,日野郡日南町茶屋大じゃふ田,35.18666667,133.23,490,1304,鳥取県,31,A
71066,0,71,Y,Y,Y,池田,イケダ,三好市池田町シンヤマ,34.02333333,133.7966667,205,0720,徳島県,36,A
71087,0,71,Y,Y,Y,穴吹,アナブキ,美馬市穴吹町口山初草,34.04,134.1566667,160,0972,徳島県,36,A
71106,0,71,Y,Y,Y,徳島,トクシマ,徳島市大和町　徳島地方気象台,34.06666667,134.5733333,2,47895,徳島県,36,S
71191,0,71,Y,Y,Y,京上,キョウジョウ,三好市東祖谷京上,33.86666667,133.9033333,560,1252,徳島県,36,A
71231,0,71,Y,Y,Y,蒲生田,ガモウダ,阿南市椿町蒲生田,33.83666667,134.7416667,10,1242,徳島県,36,A
71251,0,71,Y,Y,Y,木頭,キトウ,那賀郡那賀町木頭出原クボヲ,33.77166667,134.205,330,1352,徳島県,36,A
71266,0,71,Y,Y,Y,日和佐,ヒワサ,海部郡美波町日和佐浦,33.73166667,134.5383333,3,0724,徳島県,36,A
71291,0,71,Y,Y,Y,海陽,カイヨウ,海部郡海陽町四方原字杉谷,33.61166667,134.355,5,1604,徳島県,36,A
72061,0,72,Y,Y,Y,内海,ウチノミ,小豆郡小豆島町西村甲,34.47166667,134.2733333,20,0726,香川県,37,A
72086,0,72,Y,Y,Y,高松,タカマツ,高松市伏石町　高松地方気象台,34.31666667,134.0533333,9,47891,香川県,37,S
72111,0,72,Y,Y,Y,多度津,タドツ,仲多度郡多度津町家中　多度津特別地域気象観測所,34.275,133.7516667,4,47890,香川県,37,S
72121,0,72,Y,Y,Y,滝宮,タキノミヤ,綾歌郡綾川町滝宮大字北,34.23666667,133.9233333,60,0729,香川県,37,A
72146,0,72,Y,Y,Y,引田,ヒケタ,東かがわ市南野,34.21333333,134.4066667,12,0730,香川県,37,A
72161,0,72,Y,Y,Y,財田,サイタ,三豊市財田町財田上,34.12,133.7716667,65,1239,香川県,37,A
73001,0,73,Y,Y,Y,大三島,オオミシマ,今治市大三島町宮浦地先,34.25,133.0066667,9,0732,愛媛県,38,A
73076,0,73,Y,Y,Y,今治,イマバリ,今治市大新田町,34.07666667,132.99,2,1077,愛媛県,38,A
73126,0,73,Y,Y,Y,西条,サイジョウ,西条市周布,33.915,133.08,4,0958,愛媛県,38,A
73136,0,73,Y,Y,Y,新居浜,ニイハマ,新居浜市一宮町,33.96,133.2816667,6,0734,愛媛県,38,A
73151,0,73,Y,Y,Y,四国中央,シコクチュウオウ,四国中央市妻鳥町乙,33.98166667,133.5816667,75,0735,愛媛県,38,A
73256,0,73,Y,Y,Y,長浜,ナガハマ,大洲市長浜甲,33.61666667,132.48,4,0739,愛媛県,38,A
73276,0,73,Y,Y,Y,久万,クマ,上浮穴郡久万高原町入野,33.66333333,132.895,511,0741,愛媛県,38,A
73306,0,73,Y,Y,Y,大洲,オオズ,大洲市阿蔵字フルカワ甲,33.50833333,132.535,20,0959,愛媛県,38,A
73341,0,73,Y,Y,Y,瀬戸,セト,西宇和郡伊方町塩成,33.44666667,132.2566667,143,1456,愛媛県,38,A
73406,0,73,Y,Y,Y,宇和,ウワ,西予市宇和町神領,33.36666667,132.5033333,200,0961,愛媛県,38,A
73442,0,73,Y,Y,Y,宇和島,ウワジマ,宇和島市住吉町　宇和島特別地域気象観測所,33.22666667,132.5516667,2,47892,愛媛県,38,S
73446,0,73,Y,Y,Y,近永,チカナガ,北宇和郡鬼北町近永,33.25333333,132.675,129,1350,愛媛県,38,A
73516,0,73,Y,Y,Y,御荘,ミショウ,南宇和郡愛南町御荘平城,32.96333333,132.57,12,0745,愛媛県,38,A
74056,0,74,Y,Y,Y,本川,ホンガワ,吾川郡いの町脇の山字根藤,33.765,133.3383333,550,1351,高知県,39,A
74071,0,74,Y,Y,Y,本山,モトヤマ,長岡郡本山町本山,33.75333333,133.575,252,0746,高知県,39,A
74136,0,74,Y,Y,Y,大栃,オオドチ,香美市物部町大栃上西の川,33.69833333,133.875,210,1229,高知県,39,A
74181,0,74,Y,Y,Y,高知,コウチ,高知市比島町　高知地方気象台,33.56666667,133.5483333,1,47893,高知県,39,S
74187,0,74,Y,Y,Y,後免,ゴメン,南国市廿枝,33.59,133.6433333,12,1249,高知県,39,A
74271,0,74,Y,Y,Y,安芸,アキ,安芸市伊尾木,33.48833333,133.9333333,6,0755,高知県,39,A
74296,0,74,Y,Y,Y,梼原,ユスハラ,高岡郡梼原町川西路,33.39,132.9216667,415,0921,高知県,39,A
74311,0,74,Y,Y,Y,須崎,スサキ,須崎市西町,33.385,133.2766667,4,0756,高知県,39,A
74361,0,74,Y,Y,Y,窪川,クボカワ,高岡郡四万十町新開町,33.20666667,133.1283333,205,0758,高知県,39,A
74372,0,74,Y,Y,Y,室戸岬,ムロトミサキ,室戸市室戸岬町　室戸岬特別地域気象観測所,33.25166667,134.1766667,185,47899,高知県,39,S
74381,0,74,Y,Y,Y,江川崎,エカワサキ,四万十市西土佐用井,33.17,132.7916667,72,1235,高知県,39,A
74436,0,74,Y,Y,Y,佐賀,サガ,幡多郡黒潮町佐賀,33.07833333,133.1016667,3,1233,高知県,39,A
74447,0,74,Y,Y,Y,宿毛,スクモ,宿毛市片島　宿毛特別地域気象観測所,32.92,132.695,2,47897,高知県,39,S
74456,0,74,Y,Y,Y,中村,ナカムラ,四万十市入田字長善寺前,32.99,132.92,8,0763,高知県,39,A
74516,0,74,Y,Y,Y,清水,シミズ,土佐清水市足摺岬　清水特別地域気象観測所,32.72166667,133.01,31,47898,高知県,39,S
81011,0,81,Y,Y,Y,須佐,スサ,萩市須佐字野中,34.615,131.6233333,50,0765,山口県,35,A
81071,0,81,Y,Y,Y,萩,ハギ,萩市大字土原字川島沖田　萩特別地域気象観測所,34.41,131.405,2,47754,山口県,35,S
81116,0,81,Y,Y,Y,油谷,ユヤ,長門市油谷新別名字稲毛取山,34.37,131.055,20,0939,山口県,35,A
81151,0,81,Y,Y,Y,徳佐,トクサ,山口市阿東徳佐中,34.39833333,131.725,310,0767,山口県,35,A
81196,0,81,Y,Y,Y,秋吉台,アキヨシダイ,美祢市秋芳町秋吉,34.235,131.3066667,240,0769,山口県,35,A
81231,0,81,Y,Y,Y,広瀬,ヒロセ,岩国市錦町広瀬,34.26166667,131.9516667,97,0771,山口県,35,A
81266,0,81,Y,Y,Y,豊田,トヨタ,下関市豊田町大字稲光字土橋,34.18666667,131.0766667,40,0772,山口県,35,A
81286,0,81,Y,Y,Y,山口,ヤマグチ,山口市周布町　山口特別地域気象観測所,34.16,131.4533333,17,47784,山口県,35,S
81321,0,81,Y,Y,Y,岩国,イワクニ,岩国市川西,34.155,132.1783333,70,0940,山口県,35,A
81371,0,81,Y,Y,Y,防府,ホウフ,防府市大字植松,34.04,131.5333333,4,0775,山口県,35,A
81386,0,81,Y,Y,Y,下松,クダマツ,下松市西豊井字御屋敷山,34.02166667,131.8733333,52,0776,山口県,35,A
81397,0,81,Y,Y,Y,玖珂,クガ,岩国市玖珂町,34.095,132.075,68,0913,山口県,35,A
81481,0,81,Y,Y,Y,柳井,ヤナイ,柳井市南浜,33.95833333,132.1133333,3,0942,山口県,35,A
81486,0,81,Y,Y,Y,安下庄,アゲノショウ,大島郡周防大島町東安下庄,33.90333333,132.2916667,5,0779,山口県,35,A
82046,0,82,Y,Y,Y,宗像,ムナカタ,宗像市田熊,33.80833333,130.5383333,7,0943,福岡県,40,A
82056,0,82,Y,Y,Y,八幡,ヤハタ,北九州市八幡西区鷹の巣,33.85166667,130.7433333,20,0780,福岡県,40,A
82101,0,82,Y,Y,Y,行橋,ユクハシ,行橋市西泉,33.71166667,130.975,7,0782,福岡県,40,A
82136,0,82,Y,Y,Y,飯塚,イイヅカ,飯塚市川島字甘木　飯塚特別地域気象観測所,33.65166667,130.6933333,37,47809,福岡県,40,S
82171,0,82,Y,Y,Y,前原,マエバル,糸島市前原西,33.56,130.1916667,2,0785,福岡県,40,A
82182,0,82,Y,Y,Y,福岡,フクオカ,福岡市中央区大濠　福岡管区気象台,33.58166667,130.375,3,47807,福岡県,40,S
82191,0,82,Y,Y,Y,太宰府,ダザイフ,太宰府市向佐野,33.51333333,130.5,27,1141,福岡県,40,A
82206,0,82,Y,Y,Y,添田,ソエダ,田川郡添田町大字野田字大野ノ原,33.56,130.8533333,120,1046,福岡県,40,A
82261,0,82,Y,Y,Y,朝倉,アサクラ,朝倉市三奈木町,33.405,130.695,36,0788,福岡県,40,A
82306,0,82,Y,Y,Y,久留米,クルメ,久留米市津福本町,33.30166667,130.4916667,7,0790,福岡県,40,A
82317,0,82,Y,Y,Y,黒木,クロギ,八女市黒木町本分,33.22333333,130.6466667,144,0792,福岡県,40,A
82361,0,82,Y,Y,Y,大牟田,オオムタ,大牟田市笹原町,33.00666667,130.4666667,40,0793,福岡県,40,A
83021,0,83,Y,Y,Y,国見,クニミ,国東市国見町中,33.675,131.59,14,1137,大分県,44,A
83051,0,83,Y,Y,Y,中津,ナカツ,中津市大字定留,33.58666667,131.245,12,0794,大分県,44,A
83061,0,83,Y,Y,Y,豊後高田,ブンゴタカダ,豊後高田市呉崎,33.57,131.4333333,5,0795,大分県,44,A
83106,0,83,Y,Y,Y,院内,インナイ,宇佐市院内町山城,33.42,131.3166667,90,0931,大分県,44,A
83121,0,83,Y,Y,Y,杵築,キツキ,杵築市大字本庄,33.41666667,131.5966667,5,1237,大分県,44,A
83137,0,83,Y,Y,Y,日田,ヒタ,日田市三本松　日田特別地域気象観測所,33.32166667,130.9283333,83,47814,大分県,44,S
83191,0,83,Y,Y,Y,玖珠,クス,玖珠郡玖珠町大字大隈,33.26833333,131.1633333,346,0932,大分県,44,A
83201,0,83,Y,Y,Y,湯布院,ユフイン,由布市湯布院町川南屋敷下,33.25333333,131.3466667,435,0799,大分県,44,A
83216,0,83,Y,Y,Y,大分,オオイタ,大分市長浜町　大分地方気象台,33.235,131.6183333,5,47815,大分県,44,S
83341,0,83,Y,Y,Y,犬飼,イヌカイ,豊後大野市犬飼町田原,33.065,131.6316667,100,0805,大分県,44,A
83371,0,83,Y,Y,Y,竹田,タケタ,竹田市大字会々,32.97333333,131.38,290,0806,大分県,44,A
83401,0,83,Y,Y,Y,佐伯,サイキ,佐伯市字剣崎,32.95,131.9016667,2,0808,大分県,44,A
83431,0,83,Y,Y,Y,宇目,ウメ,佐伯市宇目大字重岡,32.845,131.675,200,1142,大分県,44,A
83476,0,83,Y,Y,Y,蒲江,カマエ,佐伯市蒲江蒲江浦,32.795,131.9233333,2,0810,大分県,44,A
84012,0,84,Y,Y,Y,鰐浦,ワニウラ,対馬市上対馬町鰐浦字カキセ,34.69833333,129.445,63,1453,長崎県,42,A
84072,0,84,Y,Y,Y,厳原,イヅハラ,対馬市厳原町東里　厳原特別地域気象観測所,34.19666667,129.2916667,4,47800,長崎県,42,S
84121,0,84,Y,Y,Y,芦辺,アシベ,壱岐市芦辺町国分東触,33.8,129.7216667,97,1144,長崎県,42,A
84171,0,84,Y,Y,Y,平戸,ヒラド,平戸市岩の上町　平戸特別地域気象観測所,33.36,129.55,58,47805,長崎県,42,S
84183,0,84,Y,Y,Y,松浦,マツウラ,松浦市志佐町里免字辻ノ尾台,33.34166667,129.7116667,14,0814,長崎県,42,A
84266,0,84,Y,Y,Y,佐世保,サセボ,佐世保市干尽町　佐世保特別地域気象観測所,33.15833333,129.7266667,4,47812,長崎県,42,S
84341,0,84,Y,Y,Y,有川,アリカワ,南松浦郡新上五島町有川郷字上原,32.98166667,129.1183333,11,1138,長崎県,42,A
84356,0,84,Y,Y,Y,大瀬戸,オオセト,西海市大瀬戸町多以良外郷先野元,32.94833333,129.6333333,43,0817,長崎県,42,A
84496,0,84,Y,Y,Y,長崎,ナガサキ,長崎市南山手町　長崎海洋気象台,32.73333333,129.8666667,27,47817,長崎県,42,S
84519,0,84,Y,Y,Y,雲仙岳,ウンゼンダケ,雲仙市小浜町雲仙　雲仙岳特別地域気象観測所,32.73666667,130.2616667,678,47818,長崎県,42,S
84523,0,84,Y,Y,Y,島原,シマバラ,島原市平成町,32.74166667,130.3733333,9,0962,長崎県,42,A
84536,0,84,Y,Y,Y,福江,フクエ,五島市木場町　福江特別地域気象観測所,32.69333333,128.8266667,25,47843,長崎県,42,S
84561,0,84,Y,Y,Y,口之津,クチノツ,南島原市口之津町丁,32.61166667,130.1933333,13,0922,長崎県,42,A
84596,0,84,Y,Y,Y,野母崎,ノモザキ,長崎市野母町,32.57833333,129.74,190,1441,長崎県,42,A
85033,0,85,Y,Y,Y,唐津,カラツ,唐津市二夕子,33.45833333,129.955,23,1610,佐賀県,41,A
85116,0,85,Y,Y,Y,伊万里,イマリ,伊万里市立花町,33.26666667,129.8783333,25,1075,佐賀県,41,A
85142,0,85,Y,Y,Y,佐賀,サガ,佐賀市駅前中央　佐賀地方気象台,33.265,130.305,6,47813,佐賀県,41,S
85161,0,85,Y,Y,Y,嬉野,ウレシノ,嬉野市嬉野町大字下野丙,33.11666667,129.995,81,0830,佐賀県,41,A
85166,0,85,Y,Y,Y,白石,シロイシ,杵島郡白石町大字福田,33.18333333,130.1483333,2,0829,佐賀県,41,A
86006,0,86,Y,Y,Y,鹿北,カホク,山鹿市鹿北町岩野,33.115,130.6916667,119,0832,熊本県,43,A
86066,0,86,Y,Y,Y,南小国,ミナミオグニ,阿蘇郡南小国町赤馬場,33.10333333,131.0666667,448,0833,熊本県,43,A
86086,0,86,Y,Y,Y,岱明,タイメイ,玉名市岱明町中土,32.915,130.5116667,15,0834,熊本県,43,A
86101,0,86,Y,Y,Y,菊池,キクチ,菊池市木柑子字上辻,32.94666667,130.7816667,83,0835,熊本県,43,A
86111,0,86,Y,Y,Y,阿蘇乙姫,アソオトヒメ,阿蘇市乙姫,32.94,131.04,497,1240,熊本県,43,A
86141,0,86,Y,Y,Y,熊本,クマモト,熊本市京町　熊本地方気象台,32.81333333,130.7066667,38,47819,熊本県,43,S
86156,0,86,Y,Y,Y,阿蘇山,アソサン,阿蘇郡南阿蘇村大字中松字古坊中　阿蘇山特別地域気象観測所,32.88,131.0733333,1142,47821,熊本県,43,S
86161,0,86,Y,Y,Y,高森,タカモリ,阿蘇郡高森町大字高森,32.82166667,131.125,555,0840,熊本県,43,A
86216,0,86,Y,Y,Y,三角,ミスミ,宇城市三角町波多,32.61166667,130.4783333,60,1081,熊本県,43,A
86236,0,86,Y,Y,Y,甲佐,コウサ,上益城郡甲佐町大字豊内,32.645,130.8083333,35,0842,熊本県,43,A
86271,0,86,Y,Y,Y,松島,マツシマ,上天草市松島町阿村,32.515,130.4466667,2,0843,熊本県,43,A
86316,0,86,Y,Y,Y,本渡,ホンド,天草市本渡町本戸馬場,32.46833333,130.18,30,0845,熊本県,43,A
86336,0,86,Y,Y,Y,八代,ヤツシロ,八代市平山新町,32.47333333,130.6066667,8,0846,熊本県,43,A
86451,0,86,Y,Y,Y,水俣,ミナマタ,水俣市南福寺,32.205,130.4066667,6,0924,熊本県,43,A
86467,0,86,Y,Y,Y,人吉,ヒトヨシ,人吉市城本町　人吉特別地域気象観測所,32.21666667,130.755,146,47824,熊本県,43,S
86477,0,86,Y,Y,Y,上,ウエ,球磨郡あさぎり町上北,32.225,130.905,166,0926,熊本県,43,A
86491,0,86,Y,Y,Y,牛深,ウシブカ,天草市牛深町　牛深特別地域気象観測所,32.19666667,130.0266667,3,47838,熊本県,43,S
87041,0,87,Y,Y,Y,高千穂,タカチホ,西臼杵郡高千穂町大字押方字宮野原,32.71166667,131.29,350,0852,宮崎県,45,A
87066,0,87,Y,Y,Y,古江,フルエ,延岡市北浦町古江,32.71166667,131.82,14,1135,宮崎県,45,A
87071,0,87,Y,Y,Y,鞍岡,クラオカ,西臼杵郡五ケ瀬町大字鞍岡,32.64333333,131.1566667,590,1348,宮崎県,45,A
87141,0,87,Y,Y,Y,延岡,ノベオカ,延岡市天神小路　延岡特別地域気象観測所,32.58166667,131.6566667,19,47822,宮崎県,45,S
87181,0,87,Y,Y,Y,日向,ヒュウガ,日向市大字塩見字出兼,32.40833333,131.6,20,0857,宮崎県,45,A
87206,0,87,Y,Y,Y,神門,ミカド,東臼杵郡美郷町南郷区神門,32.385,131.3316667,250,1353,宮崎県,45,A
87231,0,87,Y,Y,Y,西米良,ニシメラ,児湯郡西米良村大字村所,32.23,131.1516667,250,1345,宮崎県,45,A
87292,0,87,Y,Y,Y,高鍋,タカナベ,児湯郡高鍋町大字蚊口浦,32.12333333,131.5266667,4,0859,宮崎県,45,A
87301,0,87,Y,Y,Y,加久藤,カクトウ,えびの市大字永山,32.04666667,130.81,228,0860,宮崎県,45,A
87331,0,87,Y,Y,Y,西都,サイト,西都市大字黒生野,32.06166667,131.4133333,8,0861,宮崎県,45,A
87352,0,87,Y,Y,Y,小林,コバヤシ,小林市南西方,32,130.955,276,0863,宮崎県,45,A
87376,0,87,Y,Y,Y,宮崎,ミヤザキ,宮崎市霧島　宮崎地方気象台,31.93833333,131.4133333,9,47830,宮崎県,45,S
87411,0,87,Y,Y,Y,青島,アオシマ,宮崎市青島西,31.80333333,131.4583333,8,0868,宮崎県,45,A
87426,0,87,Y,Y,Y,都城,ミヤコノジョウ,都城市菖蒲原町　都城特別地域気象観測所,31.73,131.08,154,47829,宮崎県,45,S
87492,0,87,Y,Y,Y,油津,アブラツ,日南市油津　油津特別地域気象観測所,31.57833333,131.4066667,3,47835,宮崎県,45,S
87501,0,87,Y,Y,Y,串間,クシマ,串間市大字西方字平山,31.465,131.22,20,0872,宮崎県,45,A
88061,0,88,Y,Y,Y,阿久根,アクネ,阿久根市赤瀬川　阿久根特別地域気象観測所,32.02666667,130.2,40,47823,鹿児島県,46,S
88081,0,88,Y,Y,Y,大口,オオクチ,伊佐市大口原田,32.04666667,130.6266667,175,0875,鹿児島県,46,A
88107,0,88,Y,Y,Y,さつま柏原,サツマカシワバル,薩摩郡さつま町柏原,31.91666667,130.455,59,0878,鹿児島県,46,A
88131,0,88,Y,Y,Y,中甑,ナカコシキ,薩摩川内市上甑町中甑,31.835,129.865,10,0879,鹿児島県,46,A
88151,0,88,Y,Y,Y,川内,センダイ,薩摩川内市中郷,31.835,130.315,5,0880,鹿児島県,46,A
88261,0,88,Y,Y,Y,東市来,ヒガシイチキ,日置市東市来町湯田,31.66833333,130.3266667,40,0883,鹿児島県,46,A
88286,0,88,Y,Y,Y,牧之原,マキノハラ,霧島市福山町福山,31.66166667,130.8433333,387,0935,鹿児島県,46,A
88317,0,88,Y,Y,Y,鹿児島,カゴシマ,鹿児島市東郡元町　鹿児島地方気象台,31.55333333,130.5466667,4,47827,鹿児島県,46,S
88331,0,88,Y,Y,Y,輝北,キホク,鹿屋市輝北町市成,31.58833333,130.855,360,1146,鹿児島県,46,A
88371,0,88,Y,Y,Y,加世田,カセダ,南さつま市加世田東本町,31.415,130.325,9,0887,鹿児島県,46,A
88406,0,88,Y,Y,Y,志布志,シブシ,志布志市志布志町志布志字杉の下,31.47833333,131.095,70,0936,鹿児島県,46,A
88432,0,88,Y,Y,Y,喜入,キイレ,鹿児島市喜入中名町,31.38666667,130.54,4,0890,鹿児島県,46,A
88442,0,88,Y,Y,Y,鹿屋,カノヤ,鹿屋市寿,31.39,130.8633333,80,0937,鹿児島県,46,A
88447,0,88,Y,Y,Y,肝付前田,キモツキマエダ,肝属郡肝付町前田,31.34,130.9383333,31,1181,鹿児島県,46,A
88466,0,88,Y,Y,Y,枕崎,マクラザキ,枕崎市高見町　枕崎特別地域気象観測所,31.27166667,130.2933333,30,47831,鹿児島県,46,S
88486,0,88,Y,Y,Y,指宿,イブスキ,指宿市十町,31.24833333,130.6366667,5,0893,鹿児島県,46,A
88506,0,88,Y,Y,Y,内之浦,ウチノウラ,肝属郡肝付町北方,31.27666667,131.055,8,0895,鹿児島県,46,A
88536,0,88,Y,Y,Y,田代,タシロ,肝属郡錦江町田代麓,31.19833333,130.8433333,182,1136,鹿児島県,46,A
88612,0,88,Y,Y,Y,種子島,タネガシマ,西之表市西之表　種子島特別地域気象観測所,30.72,130.9816667,25,47837,鹿児島県,46,S
88666,0,88,Y,Y,Y,上中,カミナカ,熊毛郡南種子町中之下,30.40666667,130.9,150,0898,鹿児島県,46,A
88686,0,88,Y,Y,Y,屋久島,ヤクシマ,熊毛郡屋久島町小瀬田　屋久島特別地域気象観測所,30.385,130.6583333,37,47836,鹿児島県,46,S
88706,0,88,Y,Y,Y,尾之間,オノアイダ,熊毛郡屋久島町尾之間浜道,30.23333333,130.555,60,0899,鹿児島県,46,A
88736,0,88,Y,Y,Y,中之島,ナカノシマ,鹿児島郡十島村中之島,29.83833333,129.8666667,220,1540,鹿児島県,46,A
88836,0,88,Y,Y,Y,名瀬,ナゼ,奄美市名瀬港町　名瀬測候所,28.37833333,129.495,3,47909,鹿児島県,46,S
88901,0,88,Y,Y,Y,古仁屋,コニヤ,大島郡瀬戸内町古仁屋船津,28.14333333,129.315,2,0980,鹿児島県,46,A
88956,0,88,Y,Y,Y,伊仙,イセン,大島郡伊仙町面縄,27.67666667,128.9733333,44,1139,鹿児島県,46,A
88971,0,88,Y,Y,Y,沖永良部,オキノエラブ,大島郡和泊町国頭字手付　沖永良部特別地域気象観測所,27.43166667,128.705,27,47942,鹿児島県,46,S
91011,0,91,Y,Y,Y,伊是名,イゼナ,島尻郡伊是名村字内花,26.94833333,127.94,14,1147,沖縄県,47,A
91021,0,91,Y,Y,Y,奥,オク,国頭郡国頭村奥,26.835,128.2716667,232,0901,沖縄県,47,A
91107,0,91,Y,Y,Y,名護,ナゴ,名護市宮里　名護特別地域気象観測所,26.59333333,127.965,6,47940,沖縄県,47,S
91146,0,91,Y,Y,Y,久米島,クメジマ,島尻郡久米島町字謝名堂　久米島特別地域気象観測所,26.33666667,126.8033333,5,47929,沖縄県,47,S
91166,0,91,Y,Y,Y,宮城島,ミヤギジマ,うるま市与那城上原阪上,26.36333333,127.9733333,100,1596,沖縄県,47,A
91181,0,91,Y,Y,Y,渡嘉敷,トカシキ,島尻郡渡嘉敷村渡嘉敷,26.21,127.3633333,220,1152,沖縄県,47,A
91197,0,91,Y,Y,Y,那覇,ナハ,那覇市樋川　沖縄気象台,26.20666667,127.685,28,47936,沖縄県,47,S
91241,0,91,Y,Y,Y,糸数,イトカズ,南城市玉城字糸数西赤津川原,26.15333333,127.765,186,0909,沖縄県,47,A
92011,0,91,Y,Y,Y,南大東,ミナミダイトウ,島尻郡南大東村在所　南大東島地方気象台,25.82833333,131.2266667,15,47945,沖縄県,47,S
93041,0,91,Y,Y,Y,宮古島,ミヤコジマ,宮古島市平良字下里　宮古島地方気象台,24.79333333,125.2766667,40,47927,沖縄県,47,S
94001,0,91,Y,Y,Y,伊原間,イバルマ,石垣市伊原間,24.50833333,124.28,15,1145,沖縄県,47,A
94017,0,91,Y,Y,Y,与那国島,ヨナグニジマ,八重山郡与那国町与那国　与那国島特別地域気象観測所,24.46666667,123.01,30,47912,沖縄県,47,S
94062,0,91,Y,Y,Y,西表島,イリオモテジマ,八重山郡竹富町字上原宇那利崎　西表島特別地域気象観測所,24.42666667,123.765,10,47917,沖縄県,47,S
94081,0,91,Y,Y,Y,石垣島,イシガキジマ,石垣市登野城　石垣島地方気象台,24.33666667,124.1633333,6,47918,沖縄県,47,S
94101,0,91,Y,Y,Y,大原,オオハラ,八重山郡竹富町南風見,24.265,123.8716667,33,1251,沖縄県,47,A
94116,0,91,Y,Y,Y,波照間,ハテルマ,八重山郡竹富町波照間,24.055,123.7683333,38,1354,沖縄県,47,A
